<?xml version="1.0" encoding="UTF-8"?>
<NpcActionList>
	<!--君主Lv15クエスト / ゼロ-->
	<MakeItem Name="request cloak of red" Class="P" AmountInputable="false" QuestId="Level15" QuestStep="0">
		<Item Amount="1" ItemId="20065"/>
		<Material Amount="1" ItemId="40565"/>
		<Succeed>
			<!--グンター未終了-->
			<SetQuest Id="Level15" Step="1" QuestId="Level15" QuestStep="0"/>
			<!--グンター終了済み-->
			<SetQuest Id="Level15" Step="End" QuestId="Level15" QuestStep="2"/>
		</Succeed>
	</MakeItem>

	<!--君主Lv15クエスト / グンター-->
	<MakeItem Name="request spellbook112" Class="P" AmountInputable="false" QuestId="Level15" QuestStep="1">
		<Item Amount="1" ItemId="40226"/>
		<Material Amount="1" ItemId="40564"/>
		<Succeed>
			<!--ゼロ未終了-->
			<SetQuest Id="Level15" Step="2" QuestId="Level15" QuestStep="0"/>
			<!--ゼロ終了済み-->
			<SetQuest Id="Level15" Step="End" QuestId="Level15" QuestStep="1"/>
		</Succeed>
	</MakeItem>

	<!--君主Lv30クエスト / アリア-->
	<!--ウッドベック村の為に力を貸す-->
	<Action Name="quest 13 aria2" Class="P">
		<SetQuest Id="Level30" Step="1"/>
		<ShowHtml HtmlId="aria2"/>
	</Action>
	<!--村人の遺品を渡す-->
	<MakeItem Name="request questitem" Class="P" AmountInputable="false" QuestId="Level30" QuestStep="1">
		<Item Amount="1" ItemId="40570"/>
		<Material Amount="1" ItemId="40547"/>
		<Succeed>
			<SetQuest Id="Level30" Step="End"/>
			<ShowHtml HtmlId="aria3"/>
		</Succeed>
	</MakeItem>

	<!--君主Lv45クエスト / マシャー-->
	<Action Name="quest 15 masha2" Class="P">
		<SetQuest Id="Level45" Step="1"/>
		<ShowHtml HtmlId="masha3"/>
	</Action>
	<MakeItem Name="request ring of guardian" Class="P" AmountInputable="false" QuestId="Level45" QuestStep="3">
		<Item Amount="1" ItemId="20287"/>
		<Material Amount="1" ItemId="40586"/>
		<Material Amount="1" ItemId="40587"/>
		<Succeed>
			<SetQuest Id="Level45" Step="End"/>
			<ShowHtml HtmlId="masha4"/>
		</Succeed>
	</MakeItem>

	<!--君主Lv45クエスト / メグ-->
	<Action Name="quest 17 meg2" Class="P">
		<SetQuest Id="Level45" Step="2"/>
		<ShowHtml HtmlId="meg2"/>
	</Action>
	<MakeItem Name="request royal family piece b" Class="P" AmountInputable="false">
		<Item Amount="1" ItemId="40587"/>
		<Material Amount="1" ItemId="40573"/>
		<Material Amount="1" ItemId="40574"/>
		<Material Amount="1" ItemId="40575"/>
		<Succeed>
			<SetQuest Id="Level45" Step="3"/>
			<ShowHtml HtmlId="meg3"/>
		</Succeed>
	</MakeItem>

	<!--ナイトLv15クエスト / リッキー-->
	<MakeItem Name="request hood of knight" Class="K" AmountInputable="false">
		<Item Amount="1" ItemId="20005"/>
		<Material Amount="1" ItemId="40608"/>
		<Succeed>
			<SetQuest Id="Level15" Step="1"/>
			<ShowHtml HtmlId="riky5"/>
		</Succeed>
	</MakeItem>
	<!--ナイトLv15クエスト / アノン-->
	<MakeItem Name="request hood of red knight" Class="K" AmountInputable="false" QuestId="Level15" QuestStep="1">
		<Item Amount="1" ItemId="20027"/>
		<Material Amount="1" ItemId="20005"/>
		<Material Amount="1" ItemId="40540"/>
		<Material Amount="1" ItemId="40601"/>
		<Succeed>
			<SetQuest Id="Level15" Step="End"/>
			<ShowHtml HtmlId="aanon7"/>
		</Succeed>
	</MakeItem>

	<!--ナイトLv30クエスト / マーク-->
	<Action Name="quest 13 mark2" Class="K">
		<SetQuest Id="Level30" Step="1"/>
		<ShowHtml HtmlId="mark2"/>
	</Action>
	<!--ナイトLv30クエスト / グンター-->
	<Action Name="quest 14 gunterkE2" Class="K">
		<SetQuest Id="Level30" Step="2"/>
		<ShowHtml HtmlId="gunterkE2"/>
	</Action>
	<MakeItem Name="request sword of red knights" Class="K" AmountInputable="false" QuestId="Level30" QuestStep="2">
		<Item Amount="1" ItemId="30"/>
		<Material Amount="1" ItemId="40590"/>
		<Succeed>
			<SetQuest Id="Level30" Step="3"/>
			<ShowHtml HtmlId="gunterkE3"/>
		</Succeed>
	</MakeItem>
	<!--ナイトLv30クエスト / ゲラド-->
	<Action Name="quest 16 gerardkE2" Class="K">
		<SetQuest Id="Level30" Step="4"/>
		<ShowHtml HtmlId="gerardkE2"/>
	</Action>
	<MakeItem Name="request potion of rebirth" Class="K">
		<Item Amount="1" ItemId="40607"/>
		<Material Amount="1" ItemId="40544"/>
		<Succeed>
			<SetQuest Id="Level30" Step="5"/>
			<ShowHtml HtmlId="gerardkE3"/>
		</Succeed>
	</MakeItem>
	<Action Name="quest 18 gerardkE4" Class="K">
		<SetQuest Id="Level30" Step="6"/>
		<ShowHtml HtmlId="gerardkE4"/>
	</Action>
	<MakeItem Name="request shield of red knights" Class="K" AmountInputable="false" QuestId="Level30" QuestStep="7">
		<Item Amount="1" ItemId="20230"/>
		<Material Amount="1" ItemId="40529"/>
		<Succeed>
			<SetQuest Id="Level30" Step="End"/>
			<ShowHtml HtmlId="gerardkE5"/>
		</Succeed>
	</MakeItem>
	<!--ナイトLv30クエスト / ジム-->
	<MakeItem Name="request letter of gratitude" Class="K" AmountInputable="false">
		<Item Amount="1" ItemId="40529"/>
		<Material Amount="1" ItemId="40607"/>
		<Succeed>
			<SetQuest Id="Level30" Step="7"/>
		</Succeed>
	</MakeItem>

	<!--ナイトLv45クエスト / マシャー-->
	<Action Name="quest 20 mashak2" Class="K">
		<SetQuest Id="Level45" Step="1"/>
		<ShowHtml HtmlId="mashak2"/>
	</Action>
	<MakeItem Name="request belt of bravery" Class="K" AmountInputable="false" QuestId="Level45" QuestStep="4">
		<Item Amount="1" ItemId="20318"/>
		<Material Amount="1" ItemId="20026"/>
		<Material Amount="1" ItemId="40593"/>
		<Material Amount="1" ItemId="40597"/>
		<Succeed>
			<SetQuest Id="Level45" Step="End"/>
			<ShowHtml HtmlId="mashak3"/>
		</Succeed>
	</MakeItem>
	<!--ナイトLv45クエスト / ジーム-->
	<Action Name="quest 21 jimuk2" Class="K">
		<SetQuest Id="Level45" Step="2"/>
		<ShowHtml HtmlId="jimuk2"/>
	</Action>
	<!--ナイトLv45クエスト / ジャイアント エルダー-->
	<Action Name="quest 23 giantk2" Class="K">
		<SetQuest Id="Level45" Step="3"/>
		<ShowHtml HtmlId="giantk2"/>
	</Action>
	<MakeItem Name="request head part of ancient key" Class="K" AmountInputable="false">
		<Item Amount="1" ItemId="40534"/>
		<Material Amount="1" ItemId="40537"/>
		<Succeed>
			<SetQuest Id="Level45" Step="4"/>
			<ShowHtml HtmlId="giantk3"/>
		</Succeed>
	</MakeItem>

	<!--エルフLv15クエスト / オス-->
	<MakeItem Name="request dex helmet of elven" Class="E" AmountInputable="false" QuestId="Level15" QuestStep="0">
		<Item Amount="1" ItemId="20021"/>
		<Material Amount="1" ItemId="40609"/>
		<Material Amount="1" ItemId="40610"/>
		<Material Amount="1" ItemId="40611"/>
		<Material Amount="1" ItemId="40612"/>
		<Succeed>
			<SetQuest Id="Level15" Step="End"/>
		</Succeed>
	</MakeItem>
	<MakeItem Name="request con helmet of elven" Class="E" AmountInputable="false" QuestId="Level15" QuestStep="0">
		<Item Amount="1" ItemId="20039"/>
		<Material Amount="1" ItemId="40609"/>
		<Material Amount="1" ItemId="40610"/>
		<Material Amount="1" ItemId="40611"/>
		<Material Amount="1" ItemId="40612"/>
		<Succeed>
			<SetQuest Id="Level15" Step="End"/>
		</Succeed>
	</MakeItem>
	<!--エルフLv30クエスト / 森とエルフの母-->
	<Action Name="quest 12 motherEE2" Class="E">
		<SetQuest Id="Level30" Step="1"/>
		<ShowHtml HtmlId="motherEE2"/>
	</Action>
	<MakeItem Name="request questitem2" Class="E" AmountInputable="false" QuestId="Level30" QuestStep="1">
		<Item Amount="1" ItemId="40588"/>
		<Material Amount="1" ItemId="40592"/>
		<Succeed>
			<SetQuest Id="Level30" Step="End"/>
		</Succeed>
	</MakeItem>
	<!--エルフLv45クエスト / マシャー-->
	<Action Name="quest 14 mashae2" Class="E">
		<SetQuest Id="Level45" Step="1"/>
		<ShowHtml HtmlId="mashae2"/>
	</Action>
	<MakeItem Name="request bag of masha" Class="E" AmountInputable="false" QuestId="Level45" QuestStep="4">
		<Item Amount="1" ItemId="40546"/>
		<Material Amount="1" ItemId="192"/>
		<Succeed>
			<SetQuest Id="Level45" Step="End"/>
			<ShowHtml HtmlId="mashae3"/>
		</Succeed>
	</MakeItem>
	<!--エルフLv45クエスト / ヘイト-->
	<Action Name="quest 15 heit2" Class="E">
		<SetQuest Id="Level45" Step="2"/>
		<ShowHtml HtmlId="heit2"/>
	</Action>
	<MakeItem Name="request mystery shell" Class="E" AmountInputable="false">
		<Item Amount="1" ItemId="40566"/>
		<Material Amount="1" ItemId="40602"/>
		<Succeed>
			<SetQuest Id="Level45" Step="3"/>
			<ShowHtml HtmlId="heit3"/>
		</Succeed>
	</MakeItem>
	<Action Name="quest 17 heit5" Class="E">
		<SetQuest Id="Level45" Step="4"/>
		<ShowHtml HtmlId="heit5"/>
	</Action>

	<!--WizLv15クエスト / ゼム-->
	<MakeItem Name="request cursed spellbook" Class="W" AmountInputable="false">
		<Item Amount="1" ItemId="40591"/>
		<Material Amount="1" ItemId="40538"/>
		<Material Amount="1" ItemId="40539"/>
	</MakeItem>
	<MakeItem Name="request book of magical powers" Class="W" AmountInputable="false" QuestId="Level15" QuestStep="0">
		<Item Amount="1" ItemId="20226"/>
		<Material Amount="1" ItemId="40591"/>
		<Material Amount="1" ItemId="40605"/>
		<Succeed>
			<SetQuest Id="Level15" Step="End"/>
		</Succeed>
	</MakeItem>
	<!--WizLv30クエスト / ゲレン-->
	<Action Name="quest 12 gerengT2" Class="W">
		<SetQuest Id="Level30" Step="1"/>
		<ShowHtml HtmlId="gerengT2"/>
	</Action>
	<MakeItem Name="request bone piece of undead" Class="W" AmountInputable="false">
		<Item Amount="1" ItemId="40580"/>
		<Material Amount="1" ItemId="40579"/>
		<Succeed>
			<SetQuest Id="Level30" Step="2"/>
			<ShowHtml HtmlId="gerengT3"/>
		</Succeed>
	</MakeItem>
	<Action Name="quest 14 gerengT4" Class="W">
		<SetQuest Id="Level30" Step="3"/>
		<ShowHtml HtmlId="gerengT4"/>
	</Action>
	<MakeItem Name="request mystery staff" Class="W" AmountInputable="false">
		<Item Amount="1" ItemId="40569"/>
		<Material Amount="1" ItemId="40567"/>
		<Succeed>
			<SetQuest Id="Level30" Step="4"/>
		</Succeed>
	</MakeItem>
	<!--WizLv30クエスト / タラス-->
	<Action Name="quest 16 talassE2" Class="W">
		<SetQuest Id="Level30" Step="5"/>
		<ShowHtml HtmlId="talassE2"/>
	</Action>
	<MakeItem Name="request crystal staff" Class="W" AmountInputable="false" QuestId="Level30" QuestStep="5">
		<Item Amount="1" ItemId="115"/>
		<Material Amount="1" ItemId="40569"/>
		<Material Amount="1" ItemId="40580"/>
		<Succeed>
			<SetQuest Id="Level30" Step="End"/>
		</Succeed>
	</MakeItem>
	<!--WizLv45クエスト / 神秘の岩-->
	<Action Name="quest 19 stoenm2" Class="W">
		<SetQuest Id="Level45" Step="2"/>
		<ShowHtml HtmlId="stoenm2"/>
	</Action>
	<MakeItem Name="request scroll about ancient evil" Class="W" AmountInputable="false">
		<Item Amount="1" ItemId="40536"/>
		<Material Amount="1" ItemId="40189"/>
		<Material Amount="1" ItemId="40542"/>
		<Succeed>
			<SetQuest Id="Level45" Step="3"/>
			<ShowHtml HtmlId="stoenm3"/>
		</Succeed>
	</MakeItem>
	<!--WizLv45クエスト / タラス-->
	<Action Name="quest 18 talassmq2" Class="W">
		<SetQuest Id="Level45" Step="1"/>
		<ShowHtml HtmlId="talassmq2"/>
	</Action>
	<MakeItem Name="request magic bag of talass" Class="W" AmountInputable="false" QuestId="Level45" QuestStep="3">
		<Item Amount="1" ItemId="40599"/>
		<Material Amount="1" ItemId="40536"/>
		<Succeed>
			<SetQuest Id="Level45" Step="End"/>
		</Succeed>
	</MakeItem>

	<!--DELv15クエスト / カーン-->
	<Action Name="quest 11 kanguard2" Class="D">
		<SetQuest Id="Level15" Step="1"/>
		<ShowHtml HtmlId="kanguard2"/>
	</Action>
	<MakeItem Name="request kanbag" Class="D" AmountInputable="false" QuestId="Level15" QuestStep="1">
		<Item Amount="1" ItemId="40598"/>
		<Material Amount="1" ItemId="40585"/>
		<Succeed>
			<SetQuest Id="Level15" Step="End"/>
			<ShowHtml HtmlId="kanguard3"/>
		</Succeed>
	</MakeItem>
	<!--DELv30クエスト / ロンドゥ-->
	<Action Name="quest 13 ronde2" Class="D">
		<SetQuest Id="Level30" Step="1"/>
		<ShowHtml HtmlId="ronde2"/>
	</Action>
	<MakeItem Name="request close list of assassination" Class="D" AmountInputable="false">
		<Item Amount="1" ItemId="40556"/>
		<Material Amount="1" ItemId="40554"/>
		<Succeed>
			<SetQuest Id="Level30" Step="2"/>
			<ShowHtml HtmlId="ronde3"/>
		</Succeed>
	</MakeItem>
	<Action Name="quest 15 ronde4" Class="D">
		<SetQuest Id="Level30" Step="3"/>
		<ShowHtml HtmlId="ronde4"/>
	</Action>
	<MakeItem Name="request rondebag" Class="D" AmountInputable="false" QuestId="Level30" QuestStep="3">
		<Item Amount="1" ItemId="40545"/>
		<Material Amount="1" ItemId="40596"/>
		<Succeed>
			<SetQuest Id="Level30" Step="End"/>
			<ShowHtml HtmlId="ronde5"/>
		</Succeed>
	</MakeItem>
	<!--DELv45クエスト / ブルディカ-->
	<Action Name="quest 17 bluedikaq2" Class="D">
		<SetQuest Id="Level45" Step="1"/>
		<ShowHtml HtmlId="bluedikaq2"/>
	</Action>
	<MakeItem Name="request bluedikabag" Class="D" AmountInputable="false" QuestId="Level45" QuestStep="5">
		<Item Amount="1" ItemId="40553"/>
		<Material Amount="1" ItemId="40572"/>
		<Material Amount="1" ItemId="40595"/>
		<Succeed>
			<SetQuest Id="Level45" Step="End"/>
			<ShowHtml HtmlId="bluedikaq3"/>
		</Succeed>
	</MakeItem>
	<!--DELv45クエスト / アサシンマスターの追従者-->
	<Action Name="quest 18 assassin2" Class="D">
		<SetQuest Id="Level45" Step="2"/>
		<ShowHtml HtmlId="assassin2"/>
	</Action>
	<!--DELv45クエスト / ロジェ-->
	<Action Name="quest 19 roje12" Class="D">
		<SetQuest Id="Level45" Step="3"/>
		<ShowHtml HtmlId="roje12"/>
	</Action>
	<MakeItem Name="request mark of assassin" Class="D" AmountInputable="false">
		<Item Amount="1" ItemId="40572"/>
		<Material Amount="1" ItemId="40584"/>
		<Succeed>
			<SetQuest Id="Level45" Step="4"/>
			<ShowHtml HtmlId="roje13"/>
		</Succeed>
	</MakeItem>
	<Action Name="quest 21 roje14" Class="D">
		<SetQuest Id="Level45" Step="5"/>
		<ShowHtml HtmlId="roje14"/>
	</Action>
	<!--DELv50クエスト / ブルディカ-->
	<Action Name="quest 24 bluedikaq7" Class="D">
		<ShowHtml HtmlId="bluedikaq7"/>
	</Action>
	<MakeItem Name="request finger of death" Class="D" AmountInputable="false" QuestId="Level50" QuestStep="0">
		<Item Amount="1" ItemId="13"/>
		<Material Amount="1" ItemId="40603"/>
		<Material Amount="1" ItemId="40648"/>
		<Succeed>
			<SetQuest Id="Level50" Step="End"/>
			<ShowHtml HtmlId="bluedikaq8"/>
		</Succeed>
	</MakeItem>
	
	<!--Lv50合同クエスト / ディガルディン-->
	<!--君主-->
	<Action Name="quest 29 dicardingp2" Class="P">
		<SetQuest Id="Level50" Step="1"/>
		<ShowHtml HtmlId="dicardingp2"/>
	</Action>
	<MakeItem Name="request gold stick" Class="P" AmountInputable="false" QuestId="Level50" QuestStep="1">
		<Item Amount="1" ItemId="51"/>
		<Material Amount="1" ItemId="40552"/>
		<Succeed>
			<SetQuest Id="Level50" Step="End"/>
		</Succeed>
	</MakeItem>
	<!--ナイト-->
	<Action Name="quest 29 dicardingk2" Class="K">
		<SetQuest Id="Level50" Step="1"/>
		<ShowHtml HtmlId="dicardingk2"/>
	</Action>
	<MakeItem Name="request death blade" Class="K" AmountInputable="false" QuestId="Level50" QuestStep="1">
		<Item Amount="1" ItemId="56"/>
		<Material Amount="1" ItemId="65"/>
		<Material Amount="1" ItemId="40549"/>
		<Succeed>
			<SetQuest Id="Level50" Step="End"/>
		</Succeed>
	</MakeItem>
	<!--エルフ-->
	<Action Name="quest 29 dicardinge2" Class="E">
		<SetQuest Id="Level50" Step="1"/>
		<ShowHtml HtmlId="dicardinge2"/>
	</Action>
	<MakeItem Name="request flame bow" Class="E" AmountInputable="false" QuestId="Level50" QuestStep="1">
		<Item Amount="1" ItemId="184"/>
		<Material Amount="1" ItemId="192"/>
		<Material Amount="1" ItemId="40551"/>
		<Succeed>
			<SetQuest Id="Level50" Step="End"/>
		</Succeed>
	</MakeItem>
	<MakeItem Name="request flame sword" Class="E" AmountInputable="false" QuestId="Level50" QuestStep="1">
		<Item Amount="1" ItemId="50"/>
		<Material Amount="1" ItemId="192"/>
		<Material Amount="1" ItemId="40551"/>
		<Succeed>
			<SetQuest Id="Level50" Step="End"/>
		</Succeed>
	</MakeItem>
	<!--ウィザード-->
	<Action Name="quest 29 dicardingw2" Class="W">
		<SetQuest Id="Level50" Step="1"/>
		<ShowHtml HtmlId="dicardingw2"/>
	</Action>
	<MakeItem Name="request mana crystal" Class="W" AmountInputable="false" QuestId="Level50" QuestStep="1">
		<Item Amount="1" ItemId="20225"/>
		<Material Amount="1" ItemId="133"/>
		<Material Amount="1" ItemId="40550"/>
		<Succeed>
			<SetQuest Id="Level50" Step="End"/>
		</Succeed>
	</MakeItem>
	<!--歌う島アレックスクエスト / アレックス（訓練所）-->
	<MakeItem Name="0" Class="PWEKDRI" NpcId="71000" AmountInputable="false">
		<Item Amount="1" ItemId="23"/>
		<Item Amount="1" ItemId="20219"/>
		<Item Amount="1" ItemId="20193"/>
		<Material Amount="1" ItemId="41146"/>
		<Succeed>
			<!--ドロモンド依頼書受取済み-->
			<SetQuest Id="DOROMOND" Step="End"/>
			<ShowHtml HtmlId="jpe0036"/>
		</Succeed>
	</MakeItem>
	<!--歌う島アレックスクエスト / アレックス-->
	<MakeItem Name="1" Class="PWEKDRI" NpcId="70999" AmountInputable="false">
		<Item Amount="1" ItemId="23"/>
		<Item Amount="1" ItemId="20219"/>
		<Item Amount="1" ItemId="20193"/>
		<Material Amount="1" ItemId="41146"/>
		<Succeed>
			<!--ドロモンド依頼書受取済み-->
			<SetQuest Id="DOROMOND" Step="End"/>
		</Succeed>
	</MakeItem>
	<!--海賊島「海賊島の秘密」クエスト / 小さな箱-3番目-->
	<MakeItem Name="0" Class="PWEKDRI" NpcId="71067,71068,71069,71070,71071,71072" AmountInputable="false">
		<Item Amount="1" ItemId="40716"/>
		<Material Amount="1" ItemId="40701"/>
		<Succeed>
			<ShowHtml HtmlId="maptbox2"/>
			<SetQuest Id="lukein" Step="11"/>
			<SetQuest Id="tbox3" Step="End"/>
		</Succeed>
	</MakeItem>
	<!--海賊島「海賊島の秘密」クエスト / ルケイン-->
	<MakeItem Name="1" Class="PWEKDRI" NpcId="71055" AmountInputable="false">
		<Item Amount="1" ItemId="20269"/>
		<Material Amount="1" ItemId="40716"/>
		<Succeed>
			<ShowHtml HtmlId="lukein0"/>
			<SetQuest Id="lukein" Step="End"/>
		</Succeed>
	</MakeItem>
	<!--海賊島「宝の地図3」クエスト / レスタ-->
	<MakeItem Name="D" Class="PWEKDRI" NpcId="71060" AmountInputable="false">
		<Item Amount="1" ItemId="40647"/>
		<Material Amount="1" ItemId="40631"/>
		<Succeed>
			<ShowHtml HtmlId="resta15"/>
			<SetQuest Id="resta" Step="End"/>
		</Succeed>
	</MakeItem>	
	<!--海賊島「宝の地図4」クエスト / カドムス-->
	<MakeItem Name="B" Class="PWEKDRI" NpcId="71061" AmountInputable="false">
		<Item Amount="1" ItemId="40692"/>
		<Material Amount="1" ItemId="40711"/>
		<Succeed>
			<ShowHtml HtmlId=""/>
			<SetQuest Id="cadmus" Step="End"/>
		</Succeed>
	</MakeItem>
	<!--海賊島「ドレイクの真実」クエスト / カミーラ /名誉の剣-->
	<MakeItem Name="g" Class="PWEKDRI" NpcId="71036" AmountInputable="false" QuestId="kamyla" QuestStep="4">
		<Item Amount="1" ItemId="33"/>
		<Material Amount="1" ItemId="40717"/>
		<Succeed>
			<ShowHtml HtmlId="kamyla25"/>
			<SetQuest Id="kamyla" Step="End"/>
		</Succeed>
	</MakeItem>
	<!--海賊島「ドレイクの真実」クエスト / カミーラ /アビス デュアルブレード-->
	<MakeItem Name="h" Class="PWEKDRI" NpcId="71036" AmountInputable="false" QuestId="kamyla" QuestStep="4">
		<Item Amount="1" ItemId="79"/>
		<Material Amount="1" ItemId="40717"/>
		<Succeed>
			<ShowHtml HtmlId="kamyla25"/>
			<SetQuest Id="kamyla" Step="End"/>
		</Succeed>
	</MakeItem>
	<!--海賊島「ドレイクの真実」クエスト / カミーラ /サイレント クロスボウ-->
	<MakeItem Name="i" Class="PWEKDRI" NpcId="71036" AmountInputable="false" QuestId="kamyla" QuestStep="4">
		<Item Amount="1" ItemId="178"/>
		<Material Amount="1" ItemId="40717"/>
		<Succeed>
			<ShowHtml HtmlId="kamyla25"/>
			<SetQuest Id="kamyla" Step="End"/>
		</Succeed>
	</MakeItem>
	<!--海賊島「ドレイクの真実」クエスト / カミーラ /漆黒の水晶-->
	<MakeItem Name="j" Class="PWEKDRI" NpcId="71036" AmountInputable="false" QuestId="kamyla" QuestStep="4">
		<Item Amount="1" ItemId="118"/>
		<Material Amount="1" ItemId="40717"/>
		<Succeed>
			<ShowHtml HtmlId="kamyla25"/>
			<SetQuest Id="kamyla" Step="End"/>
		</Succeed>
	</MakeItem>
	<!--海賊島「ドレイクの真実」クエスト / カミーラ /信義の盾-->
	<MakeItem Name="k" Class="PWEKDRI" NpcId="71036" AmountInputable="false" QuestId="kamyla" QuestStep="4">
		<Item Amount="1" ItemId="20234"/>
		<Material Amount="1" ItemId="40717"/>
		<Succeed>
			<ShowHtml HtmlId="kamyla25"/>
			<SetQuest Id="kamyla" Step="End"/>
		</Succeed>
	</MakeItem>
	<!--海賊島「リザードマンの贈り物」クエスト / リザードマンの長老 /リザードマングローブ-->
	<MakeItem Name="C" Class="PWEKDRI" NpcId="71074" AmountInputable="false" QuestId="lizard" QuestStep="3">
		<Item Amount="1" ItemId="20167"/>
		<Material Amount="1" ItemId="40634"/>
		<Succeed>
			<ShowHtml HtmlId="lelder13"/>
			<SetQuest Id="lizard" Step="End"/>
		</Succeed>
	</MakeItem>
	<!--カルマクエスト / 汚れたブロッブ-->
	<MakeItem Name="k" Class="PWEKDRI" NpcId="81208" AmountInputable="false" QuestId="desire" QuestStep="1">
		<Item Amount="1" ItemId="41138"/>
		<Material Amount="1" ItemId="41135"/>
		<Material Amount="1" ItemId="41136"/>
		<Material Amount="1" ItemId="41137"/>
		<Succeed>
			<ShowHtml HtmlId="minibrob03"/>
		</Succeed>
	</MakeItem>
	<!--カルマクエスト / 汚れたブロッブ-->
	<MakeItem Name="k" Class="PWEKDRI" NpcId="81208" AmountInputable="false" QuestId="shadows" QuestStep="1">
		<Item Amount="1" ItemId="41129"/>
		<Material Amount="1" ItemId="41126"/>
		<Material Amount="1" ItemId="41127"/>
		<Material Amount="1" ItemId="41128"/>
		<Succeed>
			<ShowHtml HtmlId="minibrob03"/>
		</Succeed>
	</MakeItem>
	<!--カルマクエスト / 選ばれなかった者(砂漠の墓)-->
	<MakeItem Name="request mtosr1" Class="PWEKDRI" NpcId="46069" AmountInputable="false" QuestId="shadows" QuestStep="1">
		<Item Amount="1" ItemId="41126"/>
		<Material Amount="1" ItemId="41123"/>
		<Succeed>
			<ShowHtml HtmlId=""/>
		</Succeed>
	</MakeItem>
	<!--カルマクエスト / 選ばれなかった者(パーズ)-->
	<MakeItem Name="request mtosr3" Class="PWEKDRI" NpcId="46070" AmountInputable="false" QuestId="shadows" QuestStep="1">
		<Item Amount="1" ItemId="41128"/>
		<Material Amount="1" ItemId="41125"/>
		<Succeed>
			<ShowHtml HtmlId=""/>
		</Succeed>
	</MakeItem>
	<!--カルマクエスト / 選ばれなかった者(パサーズ)-->
	<MakeItem Name="request mtosr2" Class="PWEKDRI" NpcId="46072" AmountInputable="false" QuestId="shadows" QuestStep="1">
		<Item Amount="1" ItemId="41127"/>
		<Material Amount="1" ItemId="41124"/>
		<Succeed>
			<ShowHtml HtmlId=""/>
		</Succeed>
	</MakeItem>
	<!--カルマクエスト / 選ばれなかった者(地のシバイン)-->
	<MakeItem Name="request mtosr2" Class="PWEKDRI" NpcId="46074" AmountInputable="false" QuestId="shadows" QuestStep="1">
		<Item Amount="1" ItemId="41127"/>
		<Material Amount="1" ItemId="41124"/>
		<Succeed>
			<ShowHtml HtmlId=""/>
		</Succeed>
	</MakeItem>
	<!--カルマクエスト / 選ばれなかった者(風のシバイン)-->
	<MakeItem Name="request mtosr3" Class="PWEKDRI" NpcId="46075" AmountInputable="false" QuestId="shadows" QuestStep="1">
		<Item Amount="1" ItemId="41128"/>
		<Material Amount="1" ItemId="41125"/>
		<Succeed>
			<ShowHtml HtmlId=""/>
		</Succeed>
	</MakeItem>
	<!--カルマクエスト / 選ばれなかった者(火のシバイン)-->
	<MakeItem Name="request mtosr1" Class="PWEKDRI" NpcId="46076" AmountInputable="false" QuestId="shadows" QuestStep="1">
		<Item Amount="1" ItemId="41126"/>
		<Material Amount="1" ItemId="41123"/>
		<Succeed>
			<ShowHtml HtmlId=""/>
		</Succeed>
	</MakeItem>
	<!--カルマクエスト / 選ばれなかった者(水のシバイン)-->
	<MakeItem Name="request mtosr2" Class="PWEKDRI" NpcId="46077" AmountInputable="false" QuestId="shadows" QuestStep="1">
		<Item Amount="1" ItemId="41127"/>
		<Material Amount="1" ItemId="41124"/>
		<Succeed>
			<ShowHtml HtmlId=""/>
		</Succeed>
	</MakeItem>
	<!--カルマクエスト / 選ばれなかった者(ディアンガス)-->
	<MakeItem Name="request mtosr1" Class="PWEKDRI" NpcId="46078" AmountInputable="false" QuestId="shadows" QuestStep="1">
		<Item Amount="1" ItemId="41126"/>
		<Material Amount="1" ItemId="41123"/>
		<Succeed>
			<ShowHtml HtmlId=""/>
		</Succeed>
	</MakeItem>
	<!--カルマクエスト / 選ばれなかった者(アンガス)-->
	<MakeItem Name="request mtosr2" Class="PWEKDRI" NpcId="46079" AmountInputable="false" QuestId="shadows" QuestStep="1">
		<Item Amount="1" ItemId="41127"/>
		<Material Amount="1" ItemId="41124"/>
		<Succeed>
			<ShowHtml HtmlId=""/>
		</Succeed>
	</MakeItem>
	<!--カルマクエスト / 選ばれなかった者(ジュディゴ)-->
	<MakeItem Name="request mtosr1" Class="PWEKDRI" NpcId="46080" AmountInputable="false" QuestId="shadows" QuestStep="1">
		<Item Amount="1" ItemId="41126"/>
		<Material Amount="1" ItemId="41123"/>
		<Succeed>
			<ShowHtml HtmlId=""/>
		</Succeed>
	</MakeItem>
	<!--カルマクエスト / 選ばれなかった者(ディゴ)-->
	<MakeItem Name="request mtosr2" Class="PWEKDRI" NpcId="46076" AmountInputable="false" QuestId="shadows" QuestStep="1">
		<Item Amount="1" ItemId="41127"/>
		<Material Amount="1" ItemId="41124"/>
		<Succeed>
			<ShowHtml HtmlId=""/>
		</Succeed>
	</MakeItem>
	<!--カルマクエスト / 選ばれなかった者(レッサーデーモン)-->
	<MakeItem Name="request mcodr3" Class="PWEKDRI" NpcId="46092" AmountInputable="false" QuestId="desire" QuestStep="1">
		<Item Amount="1" ItemId="41137"/>
		<Material Amount="1" ItemId="41134"/>
		<Succeed>
			<ShowHtml HtmlId=""/>
		</Succeed>
	</MakeItem>
	<!--カルマクエスト / 選ばれなかった者(デーモン)-->
	<MakeItem Name="request mcodr3" Class="PWEKDRI" NpcId="46093" AmountInputable="false" QuestId="desire" QuestStep="1">
		<Item Amount="1" ItemId="41137"/>
		<Material Amount="1" ItemId="41134"/>
		<Succeed>
			<ShowHtml HtmlId=""/>
		</Succeed>
	</MakeItem>
	<!--カルマクエスト / 選ばれなかった者(バフォメット)-->
	<MakeItem Name="request mcodr2" Class="PWEKDRI" NpcId="46094" AmountInputable="false" QuestId="desire" QuestStep="1">
		<Item Amount="1" ItemId="41136"/>
		<Material Amount="1" ItemId="41133"/>
		<Succeed>
			<ShowHtml HtmlId=""/>
		</Succeed>
	</MakeItem>
	<!--カルマクエスト / 選ばれなかった者(べレス)-->
	<MakeItem Name="request mcodr2" Class="PWEKDRI" NpcId="46095" AmountInputable="false" QuestId="desire" QuestStep="1">
		<Item Amount="1" ItemId="41136"/>
		<Material Amount="1" ItemId="41133"/>
		<Succeed>
			<ShowHtml HtmlId=""/>
		</Succeed>
	</MakeItem>
	<!--トーキングスクロール クエスト / 渓谷の村 レックマン -->
	<MakeItem Name="0" Class="PWEKDRI" NpcId="50113" AmountInputable="false" QuestId="toscroll" QuestStep="0">
		<Item Amount="20" ItemId="40029"/>
		<Item Amount="20" ItemId="40085"/>
		<Item Amount="1" ItemId="40641"/>
		<Material Amount="1" ItemId="40641"/>
		<Succeed>
			<ShowHtml HtmlId=""/>
			<SetQuest Id="toscroll" Step="1"/>
		</Succeed>
	</MakeItem>
	<!--トーキングスクロール クエスト / 歌う島 セリアン -->
	<MakeItem Name="0" Class="PWEKDRI" NpcId="50112" AmountInputable="false" QuestId="toscroll" QuestStep="0">
		<Item Amount="20" ItemId="40029"/>
		<Item Amount="20" ItemId="40085"/>
		<Item Amount="1" ItemId="40641"/>
		<Material Amount="1" ItemId="40641"/>
		<Succeed>
			<ShowHtml HtmlId=""/>
			<SetQuest Id="toscroll" Step="1"/>
		</Succeed>
	</MakeItem>
	<!--トーキングスクロール クエスト / 話せる島 リリー -->
	<MakeItem Name="0" Class="PWEKDRI" NpcId="50111" AmountInputable="false" QuestId="toscroll" QuestStep="1">
		<Item Amount="20" ItemId="40029"/>
		<Item Amount="20" ItemId="40080"/>
		<Item Amount="1" ItemId="40641"/>
		<Material Amount="1" ItemId="40641"/>
		<Succeed>
			<ShowHtml HtmlId=""/>
			<SetQuest Id="toscroll" Step="2"/>
		</Succeed>
	</MakeItem>
	<!--トーキングスクロール クエスト / グルーディオ ギオン -->
	<MakeItem Name="0" Class="PWEKDRI" NpcId="50116" AmountInputable="false" QuestId="toscroll" QuestStep="2">
		<Item Amount="20" ItemId="40029"/>
		<Item Amount="20" ItemId="40122"/>
		<Item Amount="1" ItemId="40641"/>
		<Material Amount="1" ItemId="40641"/>
		<Succeed>
			<ShowHtml HtmlId=""/>
			<SetQuest Id="toscroll" Step="3"/>
		</Succeed>
	</MakeItem>
	<!--トーキングスクロール クエスト / ケント シリア -->
	<MakeItem Name="0" Class="PWEKDRI" NpcId="50117" AmountInputable="false" QuestId="toscroll" QuestStep="3">
		<Item Amount="20" ItemId="40029"/>
		<Item Amount="20" ItemId="40115"/>
		<Item Amount="1" ItemId="40641"/>
		<Material Amount="1" ItemId="40641"/>
		<Succeed>
			<ShowHtml HtmlId=""/>
			<SetQuest Id="toscroll" Step="4"/>
		</Succeed>
	</MakeItem>
	<!--トーキングスクロール クエスト / ウッドベック オシーリア -->
	<MakeItem Name="0" Class="PWEKDRI" NpcId="50119" AmountInputable="false" QuestId="toscroll" QuestStep="4">
		<Item Amount="20" ItemId="40029"/>
		<Item Amount="20" ItemId="40125"/>
		<Item Amount="1" ItemId="40641"/>
		<Material Amount="1" ItemId="40641"/>
		<Succeed>
			<ShowHtml HtmlId=""/>
			<SetQuest Id="toscroll" Step="5"/>
		</Succeed>
	</MakeItem>
	<!--トーキングスクロール クエスト / 火田村 ホーニン -->
	<MakeItem Name="0" Class="PWEKDRI" NpcId="50121" AmountInputable="false" QuestId="toscroll" QuestStep="5">
		<Item Amount="20" ItemId="40029"/>
		<Item Amount="20" ItemId="40114"/>
		<Item Amount="1" ItemId="40641"/>
		<Material Amount="1" ItemId="40641"/>
		<Succeed>
			<ShowHtml HtmlId=""/>
			<SetQuest Id="toscroll" Step="6"/>
		</Succeed>
	</MakeItem>
	<!--トーキングスクロール クエスト / エルフの森 チコ -->
	<MakeItem Name="0" Class="PWEKDRI" NpcId="50114" AmountInputable="false" QuestId="toscroll" QuestStep="6">
		<Item Amount="1" ItemId="20282"/> 
		<Item Amount="20" ItemId="40029"/>
		<Item Amount="20" ItemId="40117"/>
		<Item Amount="1" ItemId="40641"/>
		<Material Amount="1" ItemId="40641"/>
		<Succeed>
			<ShowHtml HtmlId=""/>
			<SetQuest Id="toscroll" Step="7"/>
		</Succeed>
	</MakeItem>
	<!--トーキングスクロール クエスト / シルバーナイトタウン ホップ -->
	<MakeItem Name="0" Class="PWEKDRI" NpcId="50120" AmountInputable="false" QuestId="toscroll" QuestStep="7">
		<Item Amount="20" ItemId="40029"/>
		<Item Amount="20" ItemId="40081"/>
		<Item Amount="1" ItemId="40641"/>
		<Material Amount="1" ItemId="40641"/>
		<Succeed>
			<ShowHtml HtmlId=""/>
			<SetQuest Id="toscroll" Step="8"/>
		</Succeed>
	</MakeItem>
	<!--トーキングスクロール クエスト / ギラン ターク -->
	<MakeItem Name="0" Class="PWEKDRI" NpcId="50122" AmountInputable="false" QuestId="toscroll" QuestStep="8">
		<Item Amount="20" ItemId="40029"/>
		<Item Amount="20" ItemId="40123"/>
		<Item Amount="1" ItemId="40641"/>
		<Material Amount="1" ItemId="40641"/>
		<Succeed>
			<ShowHtml HtmlId=""/>
			<SetQuest Id="toscroll" Step="9"/>
		</Succeed>
	</MakeItem>
	<!--トーキングスクロール クエスト / ハイネ ガリオン -->
	<MakeItem Name="0" Class="PWEKDRI" NpcId="50123" AmountInputable="false" QuestId="toscroll" QuestStep="9">
		<Item Amount="20" ItemId="40029"/>
		<Item Amount="20" ItemId="40103"/>
		<Item Amount="1" ItemId="40641"/>
		<Material Amount="1" ItemId="40641"/>
		<Succeed>
			<ShowHtml HtmlId=""/>
			<SetQuest Id="toscroll" Step="10"/>
		</Succeed>
	</MakeItem>
	<!--トーキングスクロール クエスト / 象牙の塔 ギルバート -->
	<MakeItem Name="0" Class="PWEKDRI" NpcId="50125" AmountInputable="false" QuestId="toscroll" QuestStep="10">
		<Item Amount="20" ItemId="40029"/>
		<Item Amount="20" ItemId="40116"/>
		<Item Amount="1" ItemId="40641"/>
		<Material Amount="1" ItemId="40641"/>
		<Succeed>
			<ShowHtml HtmlId=""/>
			<SetQuest Id="toscroll" Step="11"/>
		</Succeed>
	</MakeItem>
	<!--トーキングスクロール クエスト / ウェルダン フォリカン -->
	<MakeItem Name="0" Class="PWEKDRI" NpcId="50124" AmountInputable="false" QuestId="toscroll" QuestStep="11">
		<Item Amount="20" ItemId="40029"/>
		<Item Amount="20" ItemId="40102"/>
		<Item Amount="1" ItemId="40641"/>
		<Material Amount="1" ItemId="40641"/>
		<Succeed>
			<ShowHtml HtmlId=""/>
			<SetQuest Id="toscroll" Step="12"/>
		</Succeed>
	</MakeItem>
	<!--トーキングスクロール クエスト / アデン ジェリック -->
	<MakeItem Name="0" Class="PWEKDRI" NpcId="50126" AmountInputable="false" QuestId="toscroll" QuestStep="12">
		<Item Amount="20" ItemId="40029"/>
		<Item Amount="20" ItemId="41425"/>
		<Item Amount="1" ItemId="40641"/>
		<Material Amount="1" ItemId="40641"/>
		<Succeed>
			<ShowHtml HtmlId=""/>
			<SetQuest Id="toscroll" Step="13"/>
		</Succeed>
	</MakeItem>
	<!--トーキングスクロール クエスト / 沈黙の洞窟 ザルマン -->
	<MakeItem Name="0" Class="PWEKDRI" NpcId="50115" AmountInputable="false" QuestId="toscroll" QuestStep="13">
		<Item Amount="1" ItemId="20082"/>
		<Item Amount="20" ItemId="40029"/>
		<Item Amount="1" ItemId="40641"/>
		<Material Amount="1" ItemId="40641"/>
		<Succeed>
			<ShowHtml HtmlId=""/>
			<SetQuest Id="toscroll" Step="End"/>
		</Succeed>
	</MakeItem>
	<!--DRKLv30クエスト / タリオン-->
	<MakeItem Name="a" Class="R" NpcId="80134" AmountInputable="false" QuestId="Level30" QuestStep="2">
		<Item Amount="1" ItemId="21103"/>
		<Material Amount="1" ItemId="49213"/>
		<Succeed>
			<SetQuest Id="Level30" Step="End"/>
			<ShowHtml HtmlId="talrion2"/>
		</Succeed>
		<Fail>
			<ShowHtml HtmlId="talrion3"/>
		</Fail>
	</MakeItem>
	<!--DRKLv45クエスト / タリオン-->
	<MakeItem Name="b" Class="R" NpcId="80134" AmountInputable="false" QuestId="Level45" QuestStep="5">
		<Item Amount="1" ItemId="21102"/>
		<Material Amount="1" ItemId="49214"/>
		<Succeed>
			<SetQuest Id="Level45" Step="End"/>
			<ShowHtml HtmlId="talrion7"/>
		</Succeed>
		<Fail>
			<ShowHtml HtmlId="talrion8"/>
		</Fail>
	</MakeItem>
	<!--DRKLv15クエスト / 長老 プロケル-->
	<MakeItem Name="b" Class="R" NpcId="80136" AmountInputable="false" QuestId="Level15" QuestStep="1">
		<Item Amount="1" ItemId="275"/>
		<Item Amount="1" ItemId="49102"/>
		<Material Amount="1" ItemId="49217"/>
		<Material Amount="1" ItemId="49218"/>
		<Material Amount="1" ItemId="49219"/>
		<Succeed>
			<SetQuest Id="Level15" Step="End"/>
			<ShowHtml HtmlId="prokel5"/>
		</Succeed>
		<Fail>
			<ShowHtml HtmlId="prokel6"/>
		</Fail>
	</MakeItem>
	<!--DRKLv30クエスト / 長老 プロケル-->
	<MakeItem Name="d" Class="R" NpcId="80136" AmountInputable="false" QuestId="Level30" QuestStep="1">
		<Item Amount="1" ItemId="49107"/>
		<Item Amount="1" ItemId="49213"/>
		<Material Amount="1" ItemId="49221"/>
		<Succeed>
			<SetQuest Id="Level30" Step="2"/>
			<ShowHtml HtmlId="prokel11"/>
		</Succeed>
		<Fail>
			<ShowHtml HtmlId="prokel12"/>
		</Fail>
	</MakeItem>
	<!--DRKLv45クエスト / 長老 プロケル-->
	<MakeItem Name="g" Class="R" NpcId="80136" AmountInputable="false" QuestId="Level45" QuestStep="4">
		<Item Amount="1" ItemId="49214"/>
		<Material Amount="1" ItemId="49224"/>
		<Succeed>
			<SetQuest Id="Level45" Step="5"/>
			<ShowHtml HtmlId="prokel18"/>
		</Succeed>
		<Fail>
			<ShowHtml HtmlId="prokel19"/>
		</Fail>
	</MakeItem>
	<!--DRKLv45クエスト / 長老 シルレイン-->
	<MakeItem Name="n" Class="R" NpcId="80145" AmountInputable="false" QuestId="Level45" QuestStep="3">
		<Item Amount="1" ItemId="49224"/>
		<Material Amount="10" ItemId="49225"/>
		<Succeed>
			<SetQuest Id="Level45" Step="4"/>
			<ShowHtml HtmlId="silrein41"/>
		</Succeed>
		<Fail>
			<ShowHtml HtmlId="silrein42"/>
		</Fail>
	</MakeItem>
</NpcActionList>
