<?xml version="1.0" encoding="UTF-8"?>
<NpcActionList>
	<!--馬普勒之石1個->魔法寶石 / 錬金術師-->
	<Action Name="a" NpcId="70520">
		<MakeItem AmountInputable="false">
			<Material Amount="1" ItemId="40304"/>
			<Material Amount="1000" ItemId="40308"/>
			<Item Amount="20" ItemId="40318"/>
		</MakeItem>
	</Action>
	<!--馬普勒之石10個->魔法寶石 / 錬金術師-->
	<Action Name="b" NpcId="70520">
		<MakeItem AmountInputable="false">
			<Material Amount="10" ItemId="40304"/>
			<Material Amount="10000" ItemId="40308"/>
			<Item Amount="200" ItemId="40318"/>
		</MakeItem>
	</Action>
	<!--馬普勒之石50個->魔法寶石 / 錬金術師-->
	<Action Name="c" NpcId="70520">
		<MakeItem AmountInputable="false">
			<Material Amount="50" ItemId="40304"/>
			<Material Amount="50000" ItemId="40308"/>
			<Item Amount="1000" ItemId="40318"/>
		</MakeItem>
	</Action>
	<!--マーブルの遺産1個->精霊の玉 / 錬金術師-->
	<Action Name="d" NpcId="70520">
		<MakeItem AmountInputable="false">
			<Material Amount="1" ItemId="40304"/>
			<Material Amount="1000" ItemId="40308"/>
			<Item Amount="40" ItemId="40319"/>
		</MakeItem>
	</Action>
	<!--マーブルの遺産10個->精霊の玉 / 錬金術師-->
	<Action Name="e" NpcId="70520">
		<MakeItem AmountInputable="false">
			<Material Amount="10" ItemId="40304"/>
			<Material Amount="10000" ItemId="40308"/>
			<Item Amount="400" ItemId="40319"/>
		</MakeItem>
	</Action>
	<!--マーブルの遺産50個->精霊の玉 / 錬金術師-->
	<Action Name="f" NpcId="70520">
		<MakeItem AmountInputable="false">
			<Material Amount="50" ItemId="40304"/>
			<Material Amount="50000" ItemId="40308"/>
			<Item Amount="2000" ItemId="40319"/>
		</MakeItem>
	</Action>
	<!--マーブルの遺産1個->黒魔石 / 錬金術師-->
	<Action Name="g" NpcId="70520">
		<MakeItem AmountInputable="false">
			<Material Amount="1" ItemId="40304"/>
			<Material Amount="1000" ItemId="40308"/>
			<Item Amount="10" ItemId="40320"/>
		</MakeItem>
	</Action>
	<!--マーブルの遺産10個->黒魔石 / 錬金術師-->
	<Action Name="h" NpcId="70520">
		<MakeItem AmountInputable="false">
			<Material Amount="10" ItemId="40304"/>
			<Material Amount="10000" ItemId="40308"/>
			<Item Amount="100" ItemId="40320"/>
		</MakeItem>
	</Action>
	<!--マーブルの遺産50個->黒魔石 / 錬金術師-->
	<Action Name="i" NpcId="70520">
		<MakeItem AmountInputable="false">
			<Material Amount="50" ItemId="40304"/>
			<Material Amount="50000" ItemId="40308"/>
			<Item Amount="500" ItemId="40320"/>
		</MakeItem>
	</Action>
	<!--サイハの遺産1個->魔力の石 / 錬金術師-->
	<Action Name="j" NpcId="70520">
		<MakeItem AmountInputable="false">
			<Material Amount="1" ItemId="40307"/>
			<Material Amount="1000" ItemId="40308"/>
			<Item Amount="25" ItemId="40318"/>
		</MakeItem>
	</Action>
	<!--サイハの遺産10個->魔力の石 / 錬金術師-->
	<Action Name="k" NpcId="70520">
		<MakeItem AmountInputable="false">
			<Material Amount="10" ItemId="40307"/>
			<Material Amount="10000" ItemId="40308"/>
			<Item Amount="250" ItemId="40318"/>
		</MakeItem>
	</Action>
	<!--サイハの遺産50個->魔力の石 / 錬金術師-->
	<Action Name="l" NpcId="70520">
		<MakeItem AmountInputable="false">
			<Material Amount="50" ItemId="40307"/>
			<Material Amount="50000" ItemId="40308"/>
			<Item Amount="1250" ItemId="40318"/>
		</MakeItem>
	</Action>
	<!--サイハの遺産1個->精霊の玉 / 錬金術師-->
	<Action Name="m" NpcId="70520">
		<MakeItem AmountInputable="false">
			<Material Amount="1" ItemId="40307"/>
			<Material Amount="1000" ItemId="40308"/>
			<Item Amount="60" ItemId="40319"/>
		</MakeItem>
	</Action>
	<!--サイハの遺産10個->精霊の玉 / 錬金術師-->
	<Action Name="n" NpcId="70520">
		<MakeItem AmountInputable="false">
			<Material Amount="10" ItemId="40307"/>
			<Material Amount="10000" ItemId="40308"/>
			<Item Amount="600" ItemId="40319"/>
		</MakeItem>
	</Action>
	<!--サイハの遺産50個->精霊の玉 / 錬金術師-->
	<Action Name="o" NpcId="70520">
		<MakeItem AmountInputable="false">
			<Material Amount="50" ItemId="40307"/>
			<Material Amount="50000" ItemId="40308"/>
			<Item Amount="3000" ItemId="40319"/>
		</MakeItem>
	</Action>
	<!--サイハの遺産1個->黒魔石 / 錬金術師-->
	<Action Name="p" NpcId="70520">
		<MakeItem AmountInputable="false">
			<Material Amount="1" ItemId="40307"/>
			<Material Amount="1000" ItemId="40308"/>
			<Item Amount="20" ItemId="40320"/>
		</MakeItem>
	</Action>
	<!--サイハの遺産10個->黒魔石 / 錬金術師-->
	<Action Name="q" NpcId="70520">
		<MakeItem AmountInputable="false">
			<Material Amount="10" ItemId="40307"/>
			<Material Amount="10000" ItemId="40308"/>
			<Item Amount="200" ItemId="40320"/>
		</MakeItem>
	</Action>
	<!--サイハの遺産50個->黒魔石 / 錬金術師-->
	<Action Name="r" NpcId="70520">
		<MakeItem AmountInputable="false">
			<Material Amount="50" ItemId="40307"/>
			<Material Amount="50000" ItemId="40308"/>
			<Item Amount="1000" ItemId="40320"/>
		</MakeItem>
	</Action>
	<!--エヴァの遺産1個->魔力の石 / 錬金術師-->
	<Action Name="s" NpcId="70520">
		<MakeItem AmountInputable="false">
			<Material Amount="1" ItemId="40306"/>
			<Material Amount="1000" ItemId="40308"/>
			<Item Amount="30" ItemId="40318"/>
		</MakeItem>
	</Action>
	<!--エヴァの遺産10個->魔力の石 / 錬金術師-->
	<Action Name="t" NpcId="70520">
		<MakeItem AmountInputable="false">
			<Material Amount="10" ItemId="40306"/>
			<Material Amount="10000" ItemId="40308"/>
			<Item Amount="300" ItemId="40318"/>
		</MakeItem>
	</Action>
	<!--エヴァの遺産50個->魔力の石 / 錬金術師-->
	<Action Name="u" NpcId="70520">
		<MakeItem AmountInputable="false">
			<Material Amount="50" ItemId="40306"/>
			<Material Amount="50000" ItemId="40308"/>
			<Item Amount="1500" ItemId="40318"/>
		</MakeItem>
	</Action>
	<!--エヴァの遺産1個->精霊の玉 / 錬金術師-->
	<Action Name="v" NpcId="70520">
		<MakeItem AmountInputable="false">
			<Material Amount="1" ItemId="40306"/>
			<Material Amount="1000" ItemId="40308"/>
			<Item Amount="50" ItemId="40319"/>
		</MakeItem>
	</Action>
	<!--エヴァの遺産10個->精霊の玉 / 錬金術師-->
	<Action Name="w" NpcId="70520">
		<MakeItem AmountInputable="false">
			<Material Amount="10" ItemId="40306"/>
			<Material Amount="10000" ItemId="40308"/>
			<Item Amount="500" ItemId="40319"/>
		</MakeItem>
	</Action>
	<!--エヴァの遺産50個->精霊の玉 / 錬金術師-->
	<Action Name="x" NpcId="70520">
		<MakeItem AmountInputable="false">
			<Material Amount="50" ItemId="40306"/>
			<Material Amount="50000" ItemId="40308"/>
			<Item Amount="2500" ItemId="40319"/>
		</MakeItem>
	</Action>
	<!--エヴァの遺産1個->黒魔石 / 錬金術師-->
	<Action Name="y" NpcId="70520">
		<MakeItem AmountInputable="false">
			<Material Amount="1" ItemId="40306"/>
			<Material Amount="1000" ItemId="40308"/>
			<Item Amount="20" ItemId="40320"/>
		</MakeItem>
	</Action>
	<!--エヴァの遺産10個->黒魔石 / 錬金術師-->
	<Action Name="z" NpcId="70520">
		<MakeItem AmountInputable="false">
			<Material Amount="10" ItemId="40306"/>
			<Material Amount="10000" ItemId="40308"/>
			<Item Amount="200" ItemId="40320"/>
		</MakeItem>
	</Action>
	<!--エヴァの遺産50個->黒魔石 / 錬金術師-->
	<Action Name="A" NpcId="70520">
		<MakeItem AmountInputable="false">
			<Material Amount="50" ItemId="40306"/>
			<Material Amount="50000" ItemId="40308"/>
			<Item Amount="1000" ItemId="40320"/>
		</MakeItem>
	</Action>
	<!--ファアグリオの遺産1個->魔力の石 / 錬金術師-->
	<Action Name="B" NpcId="70520">
		<MakeItem AmountInputable="false">
			<Material Amount="1" ItemId="40305"/>
			<Material Amount="1000" ItemId="40308"/>
			<Item Amount="25" ItemId="40318"/>
		</MakeItem>
	</Action>
	<!--ファアグリオの遺産10個->魔力の石 / 錬金術師-->
	<Action Name="C" NpcId="70520">
		<MakeItem AmountInputable="false">
			<Material Amount="10" ItemId="40305"/>
			<Material Amount="10000" ItemId="40308"/>
			<Item Amount="250" ItemId="40318"/>
		</MakeItem>
	</Action>
	<!--ファアグリオの遺産50個->魔力の石 / 錬金術師-->
	<Action Name="D" NpcId="70520">
		<MakeItem AmountInputable="false">
			<Material Amount="50" ItemId="40305"/>
			<Material Amount="50000" ItemId="40308"/>
			<Item Amount="1250" ItemId="40318"/>
		</MakeItem>
	</Action>
	<!--ファアグリオの遺産1個->精霊の玉 / 錬金術師-->
	<Action Name="E" NpcId="70520">
		<MakeItem AmountInputable="false">
			<Material Amount="1" ItemId="40305"/>
			<Material Amount="1000" ItemId="40308"/>
			<Item Amount="30" ItemId="40319"/>
		</MakeItem>
	</Action>
	<!--ファアグリオの遺産10個->精霊の玉 / 錬金術師-->
	<Action Name="F" NpcId="70520">
		<MakeItem AmountInputable="false">
			<Material Amount="10" ItemId="40305"/>
			<Material Amount="10000" ItemId="40308"/>
			<Item Amount="300" ItemId="40319"/>
		</MakeItem>
	</Action>
	<!--ファアグリオの遺産50個->精霊の玉 / 錬金術師-->
	<Action Name="G" NpcId="70520">
		<MakeItem AmountInputable="false">
			<Material Amount="50" ItemId="40305"/>
			<Material Amount="50000" ItemId="40308"/>
			<Item Amount="1500" ItemId="40319"/>
		</MakeItem>
	</Action>
	<!--ファアグリオの遺産1個->黒魔石 / 錬金術師-->
	<Action Name="H" NpcId="70520">
		<MakeItem AmountInputable="false">
			<Material Amount="1" ItemId="40305"/>
			<Material Amount="1000" ItemId="40308"/>
			<Item Amount="10" ItemId="40320"/>
		</MakeItem>
	</Action>
	<!--ファアグリオの遺産10個->黒魔石 / 錬金術師-->
	<Action Name="I" NpcId="70520">
		<MakeItem AmountInputable="false">
			<Material Amount="10" ItemId="40305"/>
			<Material Amount="10000" ItemId="40308"/>
			<Item Amount="100" ItemId="40320"/>
		</MakeItem>
	</Action>
	<!--ファアグリオの遺産50個->黒魔石 / 錬金術師-->
	<Action Name="J" NpcId="70520">
		<MakeItem AmountInputable="false">
			<Material Amount="50" ItemId="40305"/>
			<Material Amount="50000" ItemId="40308"/>
			<Item Amount="500" ItemId="40320"/>
		</MakeItem>
	</Action>
	<!--黒い血痕1個 / 錬金術師-->
	<Action Name="K" NpcId="70520">
		<MakeItem AmountInputable="false">
			<Material Amount="1" ItemId="40524"/>
			<Material Amount="10000" ItemId="40308"/>
			<Item Amount="1" ItemId="40304"/>
			<Item Amount="1" ItemId="40305"/>
			<Item Amount="1" ItemId="40306"/>
			<Item Amount="1" ItemId="40307"/>
		</MakeItem>
	</Action>
	<!--黒い血痕10個 / 錬金術師-->
	<Action Name="L" NpcId="70520">
		<MakeItem AmountInputable="false">
			<Material Amount="10" ItemId="40524"/>
			<Material Amount="100000" ItemId="40308"/>
			<Item Amount="10" ItemId="40304"/>
			<Item Amount="10" ItemId="40305"/>
			<Item Amount="10" ItemId="40306"/>
			<Item Amount="10" ItemId="40307"/>
		</MakeItem>
	</Action>
	<!--黒い血痕50個 / 錬金術師-->
	<Action Name="M" NpcId="70520">
		<MakeItem AmountInputable="false">
			<Material Amount="50" ItemId="40524"/>
			<Material Amount="500000" ItemId="40308"/>
			<Item Amount="50" ItemId="40304"/>
			<Item Amount="50" ItemId="40305"/>
			<Item Amount="50" ItemId="40306"/>
			<Item Amount="50" ItemId="40307"/>
		</MakeItem>
	</Action>
	<!--電卓 / ブレーズ-->
	<Action Name="1" NpcId="70605">
		<MakeItem AmountInputable="false">
			<Material Amount="1" ItemId="40526"/>
			<Material Amount="5" ItemId="40779"/>
			<Material Amount="1000" ItemId="40308"/>
			<Item Amount="1" ItemId="40391"/>
		</MakeItem>
	</Action>
	<!--研磨材 / ティミー-->
	<Action Name="1" NpcId="71006">
		<MakeItem AmountInputable="false">
			<Material Amount="1" ItemId="41209"/>
			<Item Amount="1" ItemId="41210"/>
			<Succeed>
				<ShowHtml HtmlId="jpe0055"/>
			</Succeed>
		</MakeItem>
	</Action>
	<!--ハーブ / 鍛冶屋ロン-->
	<Action Name="request ei004" NpcId="71003">
		<MakeItem AmountInputable="false">
			<Material Amount="1" ItemId="41210"/>
			<Item Amount="1" ItemId="41211"/>
		</MakeItem>
	</Action>
	<!--特製キャンディー/ 薬剤師イクシー-->
	<Action Name="request ei005" NpcId="71001">
		<MakeItem AmountInputable="false">
			<Material Amount="1" ItemId="41211"/>
			<Item Amount="1" ItemId="41212"/>
		</MakeItem>
	</Action> 
	<!--シアンポーション / チコリー-->
	<Action Name="1" NpcId="71009">
		<MakeItem AmountInputable="false">
			<Material Amount="3" ItemId="41222"/>
			<Item Amount="1" ItemId="40017"/>
			<Succeed>
				<ShowHtml HtmlId="jpe0074"/>
			</Succeed>
		</MakeItem>
	</Action>
	<!--バナナジュース / ブリアナ-->
	<Action Name="1" NpcId="71011">
		<MakeItem AmountInputable="false">
			<Material Amount="3" ItemId="40060"/>
			<Material Amount="3" ItemId="40061"/>
			<Material Amount="3" ItemId="40062"/>
			<Item Amount="1" ItemId="40026"/>
			<Succeed>
				<ShowHtml HtmlId="jpe0065"/>
			</Succeed>
		</MakeItem>
	</Action>
	<!--君主の袋 / 冒険者エータ-->
	<Action Name="request ei028" NpcId="71032">
		<MakeItem AmountInputable="false">
			<Material Amount="1" ItemId="41214"/>
			<Material Amount="5" ItemId="41215"/>
			<Material Amount="5" ItemId="41216"/>
			<Item Amount="1" ItemId="41217"/>
		</MakeItem>
	</Action>
	<!--ナイトの袋 / 冒険者エータ-->
	<Action Name="request ei029" NpcId="71032">
		<MakeItem AmountInputable="false">
			<Material Amount="1" ItemId="41214"/>
			<Material Amount="5" ItemId="41215"/>
			<Material Amount="5" ItemId="41216"/>
			<Item Amount="1" ItemId="41218"/>
		</MakeItem>
	</Action>
	<!--エルフのの袋 / 冒険者エータ-->
	<Action Name="request ei030" NpcId="71032">
		<MakeItem AmountInputable="false">
			<Material Amount="1" ItemId="41214"/>
			<Material Amount="5" ItemId="41215"/>
			<Material Amount="5" ItemId="41216"/>
			<Item Amount="1" ItemId="41219"/>
		</MakeItem>
	</Action>
	<!--ウィザードの袋 / 冒険者エータ-->
	<Action Name="request ei031" NpcId="71032">
		<MakeItem AmountInputable="false">
			<Material Amount="1" ItemId="41214"/>
			<Material Amount="5" ItemId="41215"/>
			<Material Amount="5" ItemId="41216"/>
			<Item Amount="1" ItemId="41220"/>
		</MakeItem>
	</Action>
	<!--ダークエルフの袋 / 冒険者エータ-->
	<Action Name="request ei032" NpcId="71032">
		<MakeItem AmountInputable="false">
			<Material Amount="1" ItemId="41214"/>
			<Material Amount="5" ItemId="41215"/>
			<Material Amount="5" ItemId="41216"/>
			<Item Amount="1" ItemId="41221"/>
		</MakeItem>
	</Action>
	<!--渓谷の印 / ルバー-->
	<Action Name="request amulet of valley" NpcId="70506">
		<MakeItem AmountInputable="false">
			<Material Amount="1" ItemId="40653"/>
			<Item Amount="1" ItemId="20243"/>
		</MakeItem>
	</Action>
	<!--島の印 / ルバー-->
	<Action Name="request amulet of island" NpcId="70506">
		<MakeItem AmountInputable="false">
			<Material Amount="1" ItemId="40613"/>
			<Item Amount="1" ItemId="20259"/>
		</MakeItem>
	</Action>
	<!--ラビのお守り / ラビ-->
	<Action Name="request ei034" NpcId="71034">
		<MakeItem AmountInputable="false">
			<Material Amount="1" ItemId="41227"/>
			<Item Amount="1" ItemId="41228"/>
		</MakeItem>
	</Action>
	<!--象牙の塔のリング / ハーミット-->
	<Action Name="request ring of oren tower" NpcId="71033">
		<MakeItem AmountInputable="false">
			<Material Amount="1" ItemId="41228"/>
			<Item Amount="1" ItemId="20282"/>
		</MakeItem>
	</Action>
	<!--ジーナンの手紙 / 骨細工師ジーナン-->
	<Action Name="0" NpcId="71022">
		<MakeItem AmountInputable="false">
			<Material Amount="5" ItemId="41229"/>
			<Item Amount="1" ItemId="41230"/>
			<Succeed>
				<ShowHtml HtmlId="jpe0154"/>
			</Succeed>
		</MakeItem>
	</Action>
	<!--マッティーの手紙 / 骨細工師マッティー-->
	<Action Name="request ei021" NpcId="71021">
		<MakeItem AmountInputable="false">
			<Material Amount="1" ItemId="41230"/>
			<Item Amount="1" ItemId="41231"/>
		</MakeItem>
	</Action>
	<!--ジョンの届け物 / ジョン-->
	<Action Name="0" NpcId="71020">
		<MakeItem AmountInputable="false">
			<Material Amount="1" ItemId="41231"/>
			<Item Amount="1" ItemId="41232"/>
		</MakeItem>
	</Action>
	<!--材料表 / 骨細工師ケーイ-->
	<Action Name="0" NpcId="71023">
		<MakeItem AmountInputable="false">
			<Material Amount="1" ItemId="41233"/>
			<Material Amount="1" ItemId="41234"/>
			<Item Amount="1" ItemId="41235"/>
		<Succeed>
			<ShowHtml HtmlId="jpe0146"/>
		</Succeed>
		</MakeItem>
	</Action>
	<!--ケーイの届け物 / 骨細工師ケーイ-->
	<Action Name="1" NpcId="71023">
		<MakeItem AmountInputable="false">
			<Material Amount="1" ItemId="41235"/>
			<Material Amount="3" ItemId="41236"/>
			<Material Amount="3" ItemId="41237"/>
			<Item Amount="1" ItemId="41238"/>
		<Succeed>
			<ShowHtml HtmlId="jpe0147"/>
		</Succeed>
		</MakeItem>
	</Action>	
	<!--骨細工師の袋 / 弟子ヴィート-->
	<Action Name="0" NpcId="71019">
		<MakeItem AmountInputable="false">
			<Material Amount="1" ItemId="41239"/>
			<Item Amount="1" ItemId="41241"/>
		<Succeed>
			<ShowHtml HtmlId="jpe0116"/>
		</Succeed>
		</MakeItem>
	</Action>
	<!--ボーンアーマー / フェーダ-->
	<Action Name="0" NpcId="71018">
	<MakeItem AmountInputable="false">
		<Material Amount="1" ItemId="41240"/>
		<Item Amount="1" ItemId="20124"/>
		<Succeed>
			<ShowHtml HtmlId="jpe0135"/>
		</Succeed>
		</MakeItem>
	</Action>
	<!--パゴの薬 / パゴ-->
	<Action Name="request ei014" NpcId="70005">
	<MakeItem AmountInputable="false">
		<Material Amount="1" ItemId="41225"/>
		<Item Amount="1" ItemId="41226"/>
		</MakeItem>
	</Action>
	<!--1000アデナ / ケスキン-->
	<Action Name="1" NpcId="71025">
	<MakeItem AmountInputable="false">
		<Material Amount="1" ItemId="41226"/>
		<Material Amount="1" ItemId="40653"/>
		<Item Amount="1000" ItemId="40308"/>
		<Succeed>
			<ShowHtml HtmlId="jpe0085"/>
		</Succeed>
		</MakeItem>
	</Action>
	<!--1000アデナ / ケスキン-->
	<Action Name="2" NpcId="71025">
	<MakeItem AmountInputable="false">
		<Material Amount="1" ItemId="41226"/>
		<Material Amount="1" ItemId="40613"/>
		<Item Amount="1000" ItemId="40308"/>
		<Succeed>
			<ShowHtml HtmlId="jpe0085"/>
		</Succeed>
		</MakeItem>
	</Action>
	<!--料理の本：ステップ1 / シェフ ラフォンス-->
	<Action Name="A" NpcId="80091">
		<MakeItem AmountInputable="false">
			<Material Amount="10000" ItemId="40308"/>
			<Item Amount="1" ItemId="41255"/>
			<Succeed>
				<ShowHtml HtmlId="rrafons1"/>
			</Succeed>
			<Fail>
				<ShowHtml HtmlId="rrafons2"/>
			</Fail>
		</MakeItem>
	</Action>
	<!--料理の本：ステップ2 / シェフ ラフォンス-->
	<Action Name="B" NpcId="80091">
		<MakeItem AmountInputable="false">
			<Material Amount="3000" ItemId="40308"/>
			<Material Amount="1" ItemId="41255"/>
			<Item Amount="1" ItemId="41256"/>
			<Succeed>
				<ShowHtml HtmlId="rrafons4"/>
			</Succeed>
			<Fail>
				<ShowHtml HtmlId="rrafons5"/>
			</Fail>
		</MakeItem>
	</Action>
	<!--料理の本：ステップ3 / シェフ ラフォンス-->
	<Action Name="q" NpcId="80091">
		<MakeItem AmountInputable="false">
			<Material Amount="5000" ItemId="40308"/>
			<Material Amount="1" ItemId="41256"/>
			<Item Amount="1" ItemId="41257"/>
			<Succeed>
				<ShowHtml HtmlId="rrafons10"/>
			</Succeed>
			<Fail>
				<ShowHtml HtmlId="rrafons11"/>
			</Fail>
		</MakeItem>
	</Action>
	<!--フローティングアイステーキ1個->ミックスソース1個 / ラフォンス-->
	<Action Name="a" NpcId="80091">
		<MakeItem AmountInputable="false">
			<Material Amount="1" ItemId="41277"/>
			<Item Amount="1" ItemId="49048"/>
			<Succeed>
				<ShowHtml HtmlId="rrafons7"/>
			</Succeed>
			<Fail>
				<ShowHtml HtmlId="rrafons6"/>
			</Fail>
		</MakeItem>
	</Action>
	<!--ベアーステーキ1個->ミックスソース1個 / ラフォンス-->
	<Action Name="b" NpcId="80091">
		<MakeItem AmountInputable="false">
			<Material Amount="1" ItemId="41278"/>
			<Item Amount="1" ItemId="49048"/>
			<Succeed>
				<ShowHtml HtmlId="rrafons7"/>
			</Succeed>
			<Fail>
				<ShowHtml HtmlId="rrafons6"/>
			</Fail>
		</MakeItem>
	</Action>
	<!--ナッツ餅1個->ミックスソース1個 / ラフォンス-->
	<Action Name="c" NpcId="80091">
		<MakeItem AmountInputable="false">
			<Material Amount="1" ItemId="41279"/>
			<Item Amount="1" ItemId="49048"/>
			<Succeed>
				<ShowHtml HtmlId="rrafons7"/>
			</Succeed>
			<Fail>
				<ShowHtml HtmlId="rrafons6"/>
			</Fail>
		</MakeItem>
	</Action>
	<!--蟻脚のチーズ焼き1個->ミックスソース1個 / ラフォンス-->
	<Action Name="d" NpcId="80091">
		<MakeItem AmountInputable="false">
			<Material Amount="1" ItemId="41280"/>
			<Item Amount="1" ItemId="49048"/>
			<Succeed>
				<ShowHtml HtmlId="rrafons7"/>
			</Succeed>
			<Fail>
				<ShowHtml HtmlId="rrafons6"/>
			</Fail>
		</MakeItem>
	</Action>
	<!--フルーツサラダ1個->ミックスソース1個 / ラフォンス-->
	<Action Name="e" NpcId="80091">
		<MakeItem AmountInputable="false">
			<Material Amount="1" ItemId="41281"/>
			<Item Amount="1" ItemId="49048"/>
			<Succeed>
				<ShowHtml HtmlId="rrafons7"/>
			</Succeed>
			<Fail>
				<ShowHtml HtmlId="rrafons6"/>
			</Fail>
		</MakeItem>
	</Action>
	<!--フルーツ甘酢あんかけ1個->ミックスソース1個 / ラフォンス-->
	<Action Name="f" NpcId="80091">
		<MakeItem AmountInputable="false">
			<Material Amount="1" ItemId="41282"/>
			<Item Amount="1" ItemId="49048"/>
			<Succeed>
				<ShowHtml HtmlId="rrafons7"/>
			</Succeed>
			<Fail>
				<ShowHtml HtmlId="rrafons6"/>
			</Fail>
		</MakeItem>
	</Action>
	<!--猪肉の串焼き1個->ミックスソース1個 / ラフォンス-->
	<Action Name="g" NpcId="80091">
		<MakeItem AmountInputable="false">
			<Material Amount="1" ItemId="41283"/>
			<Item Amount="1" ItemId="49048"/>
			<Succeed>
				<ShowHtml HtmlId="rrafons7"/>
			</Succeed>
			<Fail>
				<ShowHtml HtmlId="rrafons6"/>
			</Fail>
		</MakeItem>
	</Action>
	<!--キノコスープ1個->ミックスソース1個 / ラフォンス-->
	<Action Name="h" NpcId="80091">
		<MakeItem AmountInputable="false">
			<Material Amount="1" ItemId="41284"/>
			<Item Amount="1" ItemId="49048"/>
			<Succeed>
				<ShowHtml HtmlId="rrafons7"/>
			</Succeed>
			<Fail>
				<ShowHtml HtmlId="rrafons6"/>
			</Fail>
		</MakeItem>
	</Action>
	<!--フローティングアイステーキ10個->ミックスソース10個 / ラフォンス-->
	<Action Name="i" NpcId="80091">
		<MakeItem AmountInputable="false">
			<Material Amount="10" ItemId="41277"/>
			<Item Amount="10" ItemId="49048"/>
			<Succeed>
				<ShowHtml HtmlId="rrafons7"/>
			</Succeed>
			<Fail>
				<ShowHtml HtmlId="rrafons6"/>
			</Fail>
		</MakeItem>
	</Action>
	<!--ベアーステーキ10個->ミックスソース10個 / ラフォンス-->
	<Action Name="j" NpcId="80091">
		<MakeItem AmountInputable="false">
			<Material Amount="10" ItemId="41278"/>
			<Item Amount="10" ItemId="49048"/>
			<Succeed>
				<ShowHtml HtmlId="rrafons7"/>
			</Succeed>
			<Fail>
				<ShowHtml HtmlId="rrafons6"/>
			</Fail>
		</MakeItem>
	</Action>
	<!--ナッツ餅10個->ミックスソース10個 / ラフォンス-->
	<Action Name="k" NpcId="80091">
		<MakeItem AmountInputable="false">
			<Material Amount="10" ItemId="41279"/>
			<Item Amount="10" ItemId="49048"/>
			<Succeed>
				<ShowHtml HtmlId="rrafons7"/>
			</Succeed>
			<Fail>
				<ShowHtml HtmlId="rrafons6"/>
			</Fail>
		</MakeItem>
	</Action>
	<!--蟻脚のチーズ焼き10個->ミックスソース10個 / ラフォンス-->
	<Action Name="l" NpcId="80091">
		<MakeItem AmountInputable="false">
			<Material Amount="10" ItemId="41280"/>
			<Item Amount="10" ItemId="49048"/>
			<Succeed>
				<ShowHtml HtmlId="rrafons7"/>
			</Succeed>
			<Fail>
				<ShowHtml HtmlId="rrafons6"/>
			</Fail>
		</MakeItem>
	</Action>
	<!--フルーツサラダ10個->ミックスソース10個 / ラフォンス-->
	<Action Name="m" NpcId="80091">
		<MakeItem AmountInputable="false">
			<Material Amount="10" ItemId="41281"/>
			<Item Amount="10" ItemId="49048"/>
			<Succeed>
				<ShowHtml HtmlId="rrafons7"/>
			</Succeed>
			<Fail>
				<ShowHtml HtmlId="rrafons6"/>
			</Fail>
		</MakeItem>
	</Action>
	<!--フルーツ甘酢あんかけ10個->ミックスソース10個 / ラフォンス-->
	<Action Name="n" NpcId="80091">
		<MakeItem AmountInputable="false">
			<Material Amount="10" ItemId="41282"/>
			<Item Amount="10" ItemId="49048"/>
			<Succeed>
				<ShowHtml HtmlId="rrafons7"/>
			</Succeed>
			<Fail>
				<ShowHtml HtmlId="rrafons6"/>
			</Fail>
		</MakeItem>
	</Action>
	<!--猪肉の串焼き10個->ミックスソース10個 / ラフォンス-->
	<Action Name="o" NpcId="80091">
		<MakeItem AmountInputable="false">
			<Material Amount="10" ItemId="41283"/>
			<Item Amount="10" ItemId="49048"/>
			<Succeed>
				<ShowHtml HtmlId="rrafons7"/>
			</Succeed>
			<Fail>
				<ShowHtml HtmlId="rrafons6"/>
			</Fail>
		</MakeItem>
	</Action>
	<!--キノコスープ10個->ミックスソース10個 / ラフォンス-->
	<Action Name="p" NpcId="80091">
		<MakeItem AmountInputable="false">
			<Material Amount="10" ItemId="41284"/>
			<Item Amount="10" ItemId="49048"/>
			<Succeed>
				<ShowHtml HtmlId="rrafons7"/>
			</Succeed>
			<Fail>
				<ShowHtml HtmlId="rrafons6"/>
			</Fail>
		</MakeItem>
	</Action>
	<!--キャビアカナッペ1個->ハーブ1個 / ラフォンス-->
	<Action Name="s" NpcId="80091">
		<MakeItem AmountInputable="false">
			<Material Amount="1" ItemId="49049"/>
			<Item Amount="1" ItemId="49243"/>
			<Succeed>
				<ShowHtml HtmlId="rrafons12"/>
			</Succeed>
			<Fail>
				<ShowHtml HtmlId="rrafons14"/>
			</Fail>
		</MakeItem>
	</Action>
	<!--アリゲーターステーキ1個->ハーブ1個 / ラフォンス-->
	<Action Name="t" NpcId="80091">
		<MakeItem AmountInputable="false">
			<Material Amount="1" ItemId="49050"/>
			<Item Amount="1" ItemId="49243"/>
			<Succeed>
				<ShowHtml HtmlId="rrafons12"/>
			</Succeed>
			<Fail>
				<ShowHtml HtmlId="rrafons14"/>
			</Fail>
		</MakeItem>
	</Action>
	<!--タートルドラゴンの菓子1個->ハーブ1個 / ラフォンス-->
	<Action Name="u" NpcId="80091">
		<MakeItem AmountInputable="false">
			<Material Amount="1" ItemId="49051"/>
			<Item Amount="1" ItemId="49243"/>
			<Succeed>
				<ShowHtml HtmlId="rrafons12"/>
			</Succeed>
			<Fail>
				<ShowHtml HtmlId="rrafons14"/>
			</Fail>
		</MakeItem>
	</Action>
	<!--キウィパロット焼き1個->ハーブ1個 / ラフォンス-->
	<Action Name="v" NpcId="80091">
		<MakeItem AmountInputable="false">
			<Material Amount="1" ItemId="49052"/>
			<Item Amount="1" ItemId="49243"/>
			<Succeed>
				<ShowHtml HtmlId="rrafons12"/>
			</Succeed>
			<Fail>
				<ShowHtml HtmlId="rrafons14"/>
			</Fail>
		</MakeItem>
	</Action>
	<!--スコーピオン焼き1個->ハーブ1個 / ラフォンス-->
	<Action Name="w" NpcId="80091">
		<MakeItem AmountInputable="false">
			<Material Amount="1" ItemId="49053"/>
			<Item Amount="1" ItemId="49243"/>
			<Succeed>
				<ShowHtml HtmlId="rrafons12"/>
			</Succeed>
			<Fail>
				<ShowHtml HtmlId="rrafons14"/>
			</Fail>
		</MakeItem>
	</Action>
	<!--イレッカドムシチュー1個->ハーブ1個 / ラフォンス-->
	<Action Name="x" NpcId="80091">
		<MakeItem AmountInputable="false">
			<Material Amount="1" ItemId="49054"/>
			<Item Amount="1" ItemId="49243"/>
			<Succeed>
				<ShowHtml HtmlId="rrafons12"/>
			</Succeed>
			<Fail>
				<ShowHtml HtmlId="rrafons14"/>
			</Fail>
		</MakeItem>
	</Action>
	<!--クモ脚の串焼き1個->ハーブ1個 / ラフォンス-->
	<Action Name="y" NpcId="80091">
		<MakeItem AmountInputable="false">
			<Material Amount="1" ItemId="49055"/>
			<Item Amount="1" ItemId="49243"/>
			<Succeed>
				<ShowHtml HtmlId="rrafons12"/>
			</Succeed>
			<Fail>
				<ShowHtml HtmlId="rrafons14"/>
			</Fail>
		</MakeItem>
	</Action>
	<!--クラブスープ1個->ハーブ1個 / ラフォンス-->
	<Action Name="z" NpcId="80091">
		<MakeItem AmountInputable="false">
			<Material Amount="1" ItemId="49056"/>
			<Item Amount="1" ItemId="49243"/>
			<Succeed>
				<ShowHtml HtmlId="rrafons12"/>
			</Succeed>
			<Fail>
				<ShowHtml HtmlId="rrafons14"/>
			</Fail>
		</MakeItem>
	</Action>
	<!--キャビアカナッペ10個->ハーブ10個 / ラフォンス-->
	<Action Name="C" NpcId="80091">
		<MakeItem AmountInputable="false">
			<Material Amount="10" ItemId="49049"/>
			<Item Amount="10" ItemId="49243"/>
			<Succeed>
				<ShowHtml HtmlId="rrafons12"/>
			</Succeed>
			<Fail>
				<ShowHtml HtmlId="rrafons14"/>
			</Fail>
		</MakeItem>
	</Action>
	<!--アリゲーターステーキ10個->ハーブ10個 / ラフォンス-->
	<Action Name="D" NpcId="80091">
		<MakeItem AmountInputable="false">
			<Material Amount="10" ItemId="49050"/>
			<Item Amount="10" ItemId="49243"/>
			<Succeed>
				<ShowHtml HtmlId="rrafons12"/>
			</Succeed>
			<Fail>
				<ShowHtml HtmlId="rrafons14"/>
			</Fail>
		</MakeItem>
	</Action>
	<!--タートルドラゴンの菓子10個->ハーブ10個 / ラフォンス-->
	<Action Name="E" NpcId="80091">
		<MakeItem AmountInputable="false">
			<Material Amount="10" ItemId="49051"/>
			<Item Amount="10" ItemId="49243"/>
			<Succeed>
				<ShowHtml HtmlId="rrafons12"/>
			</Succeed>
			<Fail>
				<ShowHtml HtmlId="rrafons14"/>
			</Fail>
		</MakeItem>
	</Action>
	<!--キウィパロット焼き10個->ハーブ10個 / ラフォンス-->
	<Action Name="F" NpcId="80091">
		<MakeItem AmountInputable="false">
			<Material Amount="10" ItemId="49052"/>
			<Item Amount="10" ItemId="49243"/>
			<Succeed>
				<ShowHtml HtmlId="rrafons12"/>
			</Succeed>
			<Fail>
				<ShowHtml HtmlId="rrafons14"/>
			</Fail>
		</MakeItem>
	</Action>
	<!--スコーピオン焼き10個->ハーブ10個 / ラフォンス-->
	<Action Name="G" NpcId="80091">
		<MakeItem AmountInputable="false">
			<Material Amount="10" ItemId="49053"/>
			<Item Amount="10" ItemId="49243"/>
			<Succeed>
				<ShowHtml HtmlId="rrafons12"/>
			</Succeed>
			<Fail>
				<ShowHtml HtmlId="rrafons14"/>
			</Fail>
		</MakeItem>
	</Action>
	<!--イレッカドムシチュー10個->ハーブ10個 / ラフォンス-->
	<Action Name="H" NpcId="80091">
		<MakeItem AmountInputable="false">
			<Material Amount="10" ItemId="49054"/>
			<Item Amount="10" ItemId="49243"/>
			<Succeed>
				<ShowHtml HtmlId="rrafons12"/>
			</Succeed>
			<Fail>
				<ShowHtml HtmlId="rrafons14"/>
			</Fail>
		</MakeItem>
	</Action>
	<!--クモ脚の串焼き10個->ハーブ10個 / ラフォンス-->
	<Action Name="I" NpcId="80091">
		<MakeItem AmountInputable="false">
			<Material Amount="10" ItemId="49055"/>
			<Item Amount="10" ItemId="49243"/>
			<Succeed>
				<ShowHtml HtmlId="rrafons12"/>
			</Succeed>
			<Fail>
				<ShowHtml HtmlId="rrafons14"/>
			</Fail>
		</MakeItem>
	</Action>
	<!--クラブスープ10個->ハーブ10個 / ラフォンス-->
	<Action Name="J" NpcId="80091">
		<MakeItem AmountInputable="false">
			<Material Amount="10" ItemId="49056"/>
			<Item Amount="10" ItemId="49243"/>
			<Succeed>
				<ShowHtml HtmlId="rrafons12"/>
			</Succeed>
			<Fail>
				<ShowHtml HtmlId="rrafons14"/>
			</Fail>
		</MakeItem>
	</Action>
	<!--鉱物の袋 / 坑夫オーム-->
	<Action Name="request mineral bag">
		<MakeItem>
			<Item Amount="1" ItemId="41002"/>
			<Material Amount="1" ItemId="40614"/>
		</MakeItem>
	</Action>
	<!--ツルハシ / ダルフガーディン-->
	<Action Name="request hoe" NpcId="71166">
		<MakeItem>
			<Item Amount="1" ItemId="40527"/>
			<Material Amount="5" ItemId="40899"/>
			<Material Amount="300" ItemId="40308"/>
		</MakeItem>
	</Action>
	<!--オームの袋 / 坑夫オーム-->
	<Action Name="request oum giftbag" NpcId="71146">
		<MakeItem>
			<Item Amount="1" ItemId="40687"/>
			<Material Amount="1" ItemId="40527"/>
			<Succeed>
				<ShowHtml HtmlId="midoum3"/>
			</Succeed>
		</MakeItem>
	</Action>
	<!--修理されたイアリング / 釣りおばさん-->
	<Action Name="request not_broken earring" NpcId="80081">
		<MakeItem>
			<Item Amount="1" ItemId="21049"/>
			<Material Amount="1" ItemId="41305"/>
			<Material Amount="1" ItemId="41303"/>
			<Material Amount="1000" ItemId="40308"/>
		</MakeItem>
	</Action>
	<!--修理されたリング / 釣りおばさん-->
	<Action Name="request not_broken ring left" NpcId="80081">
		<MakeItem>
			<Item Amount="1" ItemId="21048"/>
			<Material Amount="1" ItemId="41306"/>
			<Material Amount="1" ItemId="41302"/>
			<Material Amount="1000" ItemId="40308"/>
		</MakeItem>
	</Action>
	<!--修理されたネックレス / 釣りおばさん-->
	<Action Name="request not_broken amulet" NpcId="80081">
		<MakeItem>
			<Item Amount="1" ItemId="21050"/>
			<Material Amount="1" ItemId="41307"/>
			<Material Amount="1" ItemId="41301"/>
			<Material Amount="1000" ItemId="40308"/>
		</MakeItem>
	</Action>
	<!--新生のベルト(水) / 特典アイテム管理人-->
	<Action Name="a" NpcId="81200">
		<MakeItem>
			<Item Amount="1" ItemId="21070"/>
			<Material Amount="1" ItemId="21069"/>
		</MakeItem>
	</Action>
	<!--新生のベルト(火) / 特典アイテム管理人-->
	<Action Name="b" NpcId="81200">
		<MakeItem>
			<Item Amount="1" ItemId="21072"/>
			<Material Amount="1" ItemId="21069"/>
		</MakeItem>
	</Action>
	<!--新生のベルト(風) / 特典アイテム管理人-->
	<Action Name="c" NpcId="81200">
		<MakeItem>
			<Item Amount="1" ItemId="21071"/>
			<Material Amount="1" ItemId="21069"/>
		</MakeItem>
	</Action>
	<!--新生のベルト(地) / 特典アイテム管理人-->
	<Action Name="d" NpcId="81200">
		<MakeItem>
			<Item Amount="1" ItemId="21073"/>
			<Material Amount="1" ItemId="21069"/>
		</MakeItem>
	</Action>
	<!--親睦のイアリング(AC1-HP20) / 特典アイテム管理人-->
	<Action Name="e" NpcId="81200">
		<MakeItem>
			<Item Amount="1" ItemId="21075"/>
			<Material Amount="1" ItemId="21074"/>
		</MakeItem>
	</Action>
	<!--親睦のイアリング(AC1-MP10) / 特典アイテム管理人-->
	<Action Name="f" NpcId="81200">
		<MakeItem>
			<Item Amount="1" ItemId="21076"/>
			<Material Amount="1" ItemId="21074"/>
		</MakeItem>
	</Action>
	<!--親睦のイアリング(AC1-HP10-MP5) / 特典アイテム管理人-->
	<Action Name="g" NpcId="81200">
		<MakeItem>
			<Item Amount="1" ItemId="21077"/>
			<Material Amount="1" ItemId="21074"/>
		</MakeItem>
	</Action>
	<!--親睦のイアリング(MR2-HP20) / 特典アイテム管理人-->
	<Action Name="h" NpcId="81200">
		<MakeItem>
			<Item Amount="1" ItemId="21078"/>
			<Material Amount="1" ItemId="21074"/>
		</MakeItem>
	</Action>
	<!--親睦のイアリング(MR2-MP10) / 特典アイテム管理人-->
	<Action Name="i" NpcId="81200">
		<MakeItem>
			<Item Amount="1" ItemId="21079"/>
			<Material Amount="1" ItemId="21074"/>
		</MakeItem>
	</Action>
	<!--親睦のイアリング(MR2-HP10-MP5) / 特典アイテム管理人-->
	<Action Name="j" NpcId="81200">
		<MakeItem>
			<Item Amount="1" ItemId="21080"/>
			<Material Amount="1" ItemId="21074"/>
		</MakeItem>
	</Action>
	<!--真冥王の防具秘法書 / 副官マールベス-->
	<Action Name="request dantes manual" NpcId="71169">
		<MakeItem>
			<Item Amount="1" ItemId="40966"/>
			<Material Amount="1" ItemId="41035"/>
		</MakeItem>
	</Action>
</NpcActionList>