<?xml version="1.0" encoding="UTF-8"?>
<BossCycleList>
	<!-- 
	BossCycle 改寫時間設定 20180419
	minDelay > 最小時間 < d天 h時 m分 >
	rndDelay > 隨機時間 < d天 h時 m分 >
	單獨設定min = 固定時間 ex. minDelay="1h" = 1h
	單獨設定rnd = 隨機時間 ex. rndDelay="1h" = 0h ~ 1h 之間
	設定 min + rnd = 固定時間+ 最久時間 ex. <Cycle minDelay="1h" rndDelay="1h"/> = 1h ~ 2h 之間
	
	fixedDelay > 指定時間重生(用於一天重生一次的那種) < h時 m分 (沒有d天) >
	<Cycle fixedDelay="12h30m"/> ex. 每天的中午12點30分出生
	<Cycle fixedDelay="30m"/> ex. 每天的00時30分出生
	<Cycle fixedDelay="10h"/> ex. 每天的早上10點出生
	<Cycle fixedDelay="10h" rndDelay="1h"/> ex. 每天早上10點~11點出生
	-->
	
	<BossCycle Name="1h-1h30m">
		<Cycle minDelay="1h" rndDelay="30m" />
		<!--<Cycle minDelay="1m" />-->
	</BossCycle>
	<BossCycle Name="2h-2h30m">
		<Cycle minDelay="2h" rndDelay="30m" />
	</BossCycle>
	<BossCycle Name="4h-4h30m">
		<Cycle minDelay="4h" rndDelay="30m" />
		<!-- <Cycle minDelay="1m" /> -->
	</BossCycle>
	<BossCycle Name="7h-7h30m">
		<Cycle minDelay="7h" rndDelay="30m" />
	</BossCycle>
		<BossCycle Name="1m">
		<Cycle minDelay="1m" />
	</BossCycle>
</BossCycleList>