﻿<?xml version="1.0" encoding="utf-8"?>
<TreasureBoxList>
	<!--Type = SPECIFICの場合アイテムリストのすべてが手に入る。Chanceは指定しなくてよい。-->
	<!--Type = RANDOMの場合アイテムリストの中からどれか一つが手に入る。Chanceを指定する必要がある。-->
	<!--Chanceの単位は%(0.0001%まで指定可)。合計で100%になるように設定する。-->
	
	<!--卡立普的袋子-->
	<TreasureBox Type="RANDOM" ItemId="49005">
		<Item ItemId="40010" Count="2" Chance="21" />
		<Item ItemId="40408" Count="2" Chance="16" />
		<Item ItemId="40013" Count="1" Chance="12" />
		<Item ItemId="40021" Count="1" Chance="11" />
		<Item ItemId="40018" Count="1" Chance="10" />
		<Item ItemId="40494" Count="5" Chance="9" />
		<Item ItemId="40014" Count="1" Chance="5" />
		<Item ItemId="40779" Count="1" Chance="5" />
		<Item ItemId="40400" Count="1" Chance="5" />
		<Item ItemId="40317" Count="1" Chance="3" />
		<Item ItemId="40489" Count="1" Chance="1" />
		<Item ItemId="40304" Count="1" Chance="1" />
		<Item ItemId="40428" Count="1" Chance="1" />
	</TreasureBox>
	
	<!--卡立普的袋子-->
	<TreasureBox Type="RANDOM" ItemId="49006">
		<Item ItemId="40011" Count="2" Chance="14" />
		<Item ItemId="40013" Count="1" Chance="13" />
		<Item ItemId="40408" Count="2" Chance="12" />
		<Item ItemId="40320" Count="3" Chance="10" />
		<Item ItemId="40018" Count="1" Chance="10" />
		<Item ItemId="40406" Count="4" Chance="8" />
		<Item ItemId="40458" Count="1" Chance="5" />
		<Item ItemId="40014" Count="1" Chance="5" />
		<Item ItemId="40496" Count="2" Chance="5" />
		<Item ItemId="40020" Count="1" Chance="5" />
		<Item ItemId="40399" Count="1" Chance="5" />
		<Item ItemId="40441" Count="1" Chance="2" />
		<Item ItemId="40468" Count="1" Chance="5" /> <!--銀原石-->
		<Item ItemId="40305" Count="1" Chance="1" />
	</TreasureBox>
	
	<!--卡立普的袋子-->
	<TreasureBox Type="RANDOM" ItemId="49007">
		<Item ItemId="40010" Count="5" Chance="19" />
		<Item ItemId="40013" Count="2" Chance="15" />
		<Item ItemId="40408" Count="2" Chance="15" />
		<Item ItemId="40015" Count="2" Chance="12" />
		<Item ItemId="40318" Count="1" Chance="10" />
		<Item ItemId="40016" Count="1" Chance="10" />
		<Item ItemId="40494" Count="5" Chance="6" />
		<Item ItemId="40398" Count="1" Chance="5" />
		<Item ItemId="40521" Count="1" Chance="3" />
		<Item ItemId="40444" Count="1" Chance="1" />
		<Item ItemId="40489" Count="1" Chance="1" />
		<Item ItemId="40441" Count="1" Chance="1" />
		<Item ItemId="40068" Count="1" Chance="1" />
		<Item ItemId="40307" Count="1" Chance="1" />
	</TreasureBox>
	<!--卡立普的袋子-->
	<TreasureBox Type="RANDOM" ItemId="49008">
		<Item ItemId="40010" Count="3" Chance="18" />
		<Item ItemId="40408" Count="3" Chance="17" />
		<Item ItemId="40508" Count="4" Chance="8" />
		<Item ItemId="40015" Count="1" Chance="8" />
		<Item ItemId="40012" Count="1" Chance="8" />
		<Item ItemId="40013" Count="1" Chance="8" />
		<Item ItemId="40458" Count="1" Chance="7" />
		<Item ItemId="40468" Count="1" Chance="7" /> <!--銀原石-->
		<Item ItemId="40779" Count="1" Chance="5" />
		<Item ItemId="40397" Count="1" Chance="5" />
		<Item ItemId="40515" Count="1" Chance="5" />
		<Item ItemId="40068" Count="1" Chance="2" />
		<Item ItemId="40444" Count="1" Chance="1" />
		<Item ItemId="40306" Count="1" Chance="1" />
	</TreasureBox>
	
	<!--卡立普的高級袋子-->
	<TreasureBox Type="RANDOM" ItemId="49009">
		<Item ItemId="40010" Count="20" Chance="15.92" />
		<Item ItemId="40014" Count="2" Chance="9" />
		<Item ItemId="40018" Count="3" Chance="9" />
		<Item ItemId="40021" Count="2" Chance="9" />
		<Item ItemId="40317" Count="1" Chance="9" />
		<Item ItemId="40318" Count="3" Chance="9" />
		<Item ItemId="40408" Count="3" Chance="9" />
		<Item ItemId="40779" Count="2" Chance="9" />
		<Item ItemId="40494" Count="30" Chance="9" />
		<Item ItemId="40400" Count="2" Chance="9" />
		<Item ItemId="40396" Count="1" Chance="0.08" />	<!-- 地龍鱗 -->
		<Item ItemId="40304" Count="1" Chance="1" />
		<Item ItemId="40489" Count="1" Chance="1" />
		<Item ItemId="40428" Count="1" Chance="1" />
	</TreasureBox>
	
	<!--卡立普的高級袋子-->
	<TreasureBox Type="RANDOM" ItemId="49011">
		<Item ItemId="40011" Count="5" Chance="15.92" />
		<Item ItemId="40013" Count="5" Chance="8.7" />
		<Item ItemId="40018" Count="2" Chance="8" />
		<Item ItemId="40014" Count="2" Chance="8" />
		<Item ItemId="40020" Count="5" Chance="8" />
		<Item ItemId="40021" Count="2" Chance="8" />
		<Item ItemId="40320" Count="5" Chance="8" />
		<Item ItemId="40408" Count="4" Chance="8" />
		<Item ItemId="40496" Count="3" Chance="8" />
		<Item ItemId="40458" Count="2" Chance="8" />
		<Item ItemId="40399" Count="1" Chance="8" />
		<Item ItemId="40513" Count="1" Chance="0.3" />	<!-- 食人巨魔的血 -->
		<Item ItemId="40393" Count="1" Chance="0.08" />	<!-- 火龍鱗 -->
		<Item ItemId="40489" Count="1" Chance="1" />
		<Item ItemId="40441" Count="1" Chance="1" />
		<Item ItemId="40305" Count="1" Chance="1" />
	</TreasureBox>
	
	<!--卡立普的高級袋子-->
	<TreasureBox Type="RANDOM" ItemId="49012">
		<Item ItemId="40010" Count="20" Chance="15.92" />
		<Item ItemId="40016" Count="2" Chance="8" />
		<Item ItemId="40018" Count="2" Chance="8" />
		<Item ItemId="40015" Count="2" Chance="8" />
		<Item ItemId="40318" Count="4" Chance="8" />
		<Item ItemId="40068" Count="2" Chance="8" />
		<Item ItemId="40408" Count="5" Chance="8" />
		<Item ItemId="40494" Count="40" Chance="8" />
		<Item ItemId="40521" Count="2" Chance="8" />
		<Item ItemId="40458" Count="1" Chance="8" />
		<Item ItemId="40398" Count="1" Chance="8" />
		<Item ItemId="40394" Count="1" Chance="0.08" />	<!-- 風龍鱗 -->
		<Item ItemId="40444" Count="1" Chance="1" />
		<Item ItemId="40489" Count="2" Chance="1" />
		<Item ItemId="40441" Count="1" Chance="1" />
		<Item ItemId="40307" Count="1" Chance="1" />
	</TreasureBox>
	
	<!-- 卡立普的高級袋子 -->
	<TreasureBox Type="RANDOM" ItemId="49010">
		<Item ItemId="40011" Count="8" Chance="14.92" />
		<Item ItemId="40012" Count="5" Chance="9" />
		<Item ItemId="40016" Count="2" Chance="9" />
		<Item ItemId="40015" Count="3" Chance="9" />
		<Item ItemId="40014" Count="1" Chance="9" />
		<Item ItemId="40408" Count="5" Chance="9" />
		<Item ItemId="40508" Count="8" Chance="9" />
		<Item ItemId="40458" Count="2" Chance="9" />
		<Item ItemId="40779" Count="1" Chance="9" />
		<Item ItemId="40397" Count="1" Chance="9" />
		<Item ItemId="40395" Count="1" Chance="0.08" />	<!-- 水龍鱗 -->
		<Item ItemId="40515" Count="1" Chance="1" />
		<Item ItemId="40468" Count="2" Chance="1" /> <!--銀原石-->
		<Item ItemId="40444" Count="1" Chance="1" />
		<Item ItemId="40306" Count="1" Chance="1" />
	</TreasureBox>
	
	<!--多魯嘉1世傳家之寶-->
	<TreasureBox Type="RANDOM" ItemId="40623">
		<Item ItemId="40308" Count="100000" Chance="9.6" />	<!-- 金幣 -->
		<Item ItemId="40308" Count="200000" Chance="9.6" />	<!-- 金幣 -->
		<Item ItemId="40308" Count="300000" Chance="9.6" />	<!-- 金幣 -->
		<Item ItemId="40308" Count="400000" Chance="9.6" />	<!-- 金幣 -->
		<Item ItemId="40308" Count="500000" Chance="9.6" />	<!-- 金幣 -->
		<Item ItemId="40308" Count="600000" Chance="9.6" />	<!-- 金幣 -->
		<Item ItemId="40308" Count="700000" Chance="9.6" />	<!-- 金幣 -->
		<Item ItemId="40308" Count="800000" Chance="9.6" />	<!-- 金幣 -->
		<Item ItemId="40308" Count="900000" Chance="9.6" />	<!-- 金幣 -->
		<Item ItemId="40308" Count="1000000" Chance="9.6" />	<!-- 金幣 -->
		<!-- <Item ItemId="20130" Count="1" Chance="7" /> -->	<!-- 古代地龍鱗盔甲 -->
		<!-- <Item ItemId="20153" Count="1" Chance="7" /> -->	<!-- 古代地龍鱗盔甲 -->
		<!-- <Item ItemId="20108" Count="1" Chance="7" /> -->	<!-- 古代水龍鱗盔甲 -->
		<!-- <Item ItemId="20119" Count="1" Chance="7" /> -->	<!-- 古代火龍鱗盔甲 -->
		<!-- <Item ItemId="66" Count="1" Chance="7" /> -->		<!-- 屠龍劍 -->
		<!-- <Item ItemId="40666" Count="1" Chance="7" /> -->	<!-- 無法得知的傳家之寶 -->
		<Item ItemId="40466" Count="1" Chance="0.5" />	<!-- 龍之心 -->
		<Item ItemId="40076" Count="1" Chance="0.5" />	<!-- 古代的卷軸 -->
		<Item ItemId="40033" Count="1" Chance="0.5" />	<!-- 萬能藥 (力量) -->
		<Item ItemId="40034" Count="1" Chance="0.5" />	<!-- 萬能藥 (體質) -->
		<Item ItemId="40035" Count="1" Chance="0.5" />	<!-- 萬能藥 (敏捷) -->
		<Item ItemId="40036" Count="1" Chance="0.5" />	<!-- 萬能藥 (智慧) -->
		<Item ItemId="40037" Count="1" Chance="0.5" />	<!-- 萬能藥 (精神) -->
		<Item ItemId="40038" Count="1" Chance="0.5" />	<!-- 萬能藥 (魅力) -->
	</TreasureBox>
	
	<!--多魯嘉2世傳家之寶-->
	<TreasureBox Type="RANDOM" ItemId="40624">
				<Item ItemId="40308" Count="100000" Chance="9.6" />	<!-- 金幣 -->
		<Item ItemId="40308" Count="200000" Chance="9.6" />	<!-- 金幣 -->
		<Item ItemId="40308" Count="300000" Chance="9.6" />	<!-- 金幣 -->
		<Item ItemId="40308" Count="400000" Chance="9.6" />	<!-- 金幣 -->
		<Item ItemId="40308" Count="500000" Chance="9.6" />	<!-- 金幣 -->
		<Item ItemId="40308" Count="600000" Chance="9.6" />	<!-- 金幣 -->
		<Item ItemId="40308" Count="700000" Chance="9.6" />	<!-- 金幣 -->
		<Item ItemId="40308" Count="800000" Chance="9.6" />	<!-- 金幣 -->
		<Item ItemId="40308" Count="900000" Chance="9.6" />	<!-- 金幣 -->
		<Item ItemId="40308" Count="1000000" Chance="9.6" />	<!-- 金幣 -->
		<!-- <Item ItemId="20130" Count="1" Chance="7" /> -->	<!-- 古代地龍鱗盔甲 -->
		<!-- <Item ItemId="20153" Count="1" Chance="7" /> -->	<!-- 古代地龍鱗盔甲 -->
		<!-- <Item ItemId="20108" Count="1" Chance="7" /> -->	<!-- 古代水龍鱗盔甲 -->
		<!-- <Item ItemId="20119" Count="1" Chance="7" /> -->	<!-- 古代火龍鱗盔甲 -->
		<!-- <Item ItemId="66" Count="1" Chance="7" /> -->		<!-- 屠龍劍 -->
		<!-- <Item ItemId="40666" Count="1" Chance="7" /> -->	<!-- 無法得知的傳家之寶 -->
		<Item ItemId="40466" Count="1" Chance="0.5" />	<!-- 龍之心 -->
		<Item ItemId="40076" Count="1" Chance="0.5" />	<!-- 古代的卷軸 -->
		<Item ItemId="40033" Count="1" Chance="0.5" />	<!-- 萬能藥 (力量) -->
		<Item ItemId="40034" Count="1" Chance="0.5" />	<!-- 萬能藥 (體質) -->
		<Item ItemId="40035" Count="1" Chance="0.5" />	<!-- 萬能藥 (敏捷) -->
		<Item ItemId="40036" Count="1" Chance="0.5" />	<!-- 萬能藥 (智慧) -->
		<Item ItemId="40037" Count="1" Chance="0.5" />	<!-- 萬能藥 (精神) -->
		<Item ItemId="40038" Count="1" Chance="0.5" />	<!-- 萬能藥 (魅力) -->
	</TreasureBox>
	<!--多魯嘉3世傳家之寶-->
	<TreasureBox Type="RANDOM" ItemId="40625">
				<Item ItemId="40308" Count="100000" Chance="9.6" />	<!-- 金幣 -->
		<Item ItemId="40308" Count="200000" Chance="9.6" />	<!-- 金幣 -->
		<Item ItemId="40308" Count="300000" Chance="9.6" />	<!-- 金幣 -->
		<Item ItemId="40308" Count="400000" Chance="9.6" />	<!-- 金幣 -->
		<Item ItemId="40308" Count="500000" Chance="9.6" />	<!-- 金幣 -->
		<Item ItemId="40308" Count="600000" Chance="9.6" />	<!-- 金幣 -->
		<Item ItemId="40308" Count="700000" Chance="9.6" />	<!-- 金幣 -->
		<Item ItemId="40308" Count="800000" Chance="9.6" />	<!-- 金幣 -->
		<Item ItemId="40308" Count="900000" Chance="9.6" />	<!-- 金幣 -->
		<Item ItemId="40308" Count="1000000" Chance="9.6" />	<!-- 金幣 -->
		<!-- <Item ItemId="20130" Count="1" Chance="7" /> -->	<!-- 古代地龍鱗盔甲 -->
		<!-- <Item ItemId="20153" Count="1" Chance="7" /> -->	<!-- 古代地龍鱗盔甲 -->
		<!-- <Item ItemId="20108" Count="1" Chance="7" /> -->	<!-- 古代水龍鱗盔甲 -->
		<!-- <Item ItemId="20119" Count="1" Chance="7" /> -->	<!-- 古代火龍鱗盔甲 -->
		<!-- <Item ItemId="66" Count="1" Chance="7" /> -->		<!-- 屠龍劍 -->
		<!-- <Item ItemId="40666" Count="1" Chance="7" /> -->	<!-- 無法得知的傳家之寶 -->
		<Item ItemId="40466" Count="1" Chance="0.5" />	<!-- 龍之心 -->
		<Item ItemId="40076" Count="1" Chance="0.5" />	<!-- 古代的卷軸 -->
		<Item ItemId="40033" Count="1" Chance="0.5" />	<!-- 萬能藥 (力量) -->
		<Item ItemId="40034" Count="1" Chance="0.5" />	<!-- 萬能藥 (體質) -->
		<Item ItemId="40035" Count="1" Chance="0.5" />	<!-- 萬能藥 (敏捷) -->
		<Item ItemId="40036" Count="1" Chance="0.5" />	<!-- 萬能藥 (智慧) -->
		<Item ItemId="40037" Count="1" Chance="0.5" />	<!-- 萬能藥 (精神) -->
		<Item ItemId="40038" Count="1" Chance="0.5" />	<!-- 萬能藥 (魅力) -->
	</TreasureBox>
	<!--多魯嘉4世傳家之寶-->
	<TreasureBox Type="RANDOM" ItemId="40626">
				<Item ItemId="40308" Count="100000" Chance="9.6" />	<!-- 金幣 -->
		<Item ItemId="40308" Count="200000" Chance="9.6" />	<!-- 金幣 -->
		<Item ItemId="40308" Count="300000" Chance="9.6" />	<!-- 金幣 -->
		<Item ItemId="40308" Count="400000" Chance="9.6" />	<!-- 金幣 -->
		<Item ItemId="40308" Count="500000" Chance="9.6" />	<!-- 金幣 -->
		<Item ItemId="40308" Count="600000" Chance="9.6" />	<!-- 金幣 -->
		<Item ItemId="40308" Count="700000" Chance="9.6" />	<!-- 金幣 -->
		<Item ItemId="40308" Count="800000" Chance="9.6" />	<!-- 金幣 -->
		<Item ItemId="40308" Count="900000" Chance="9.6" />	<!-- 金幣 -->
		<Item ItemId="40308" Count="1000000" Chance="9.6" />	<!-- 金幣 -->
		<!-- <Item ItemId="20130" Count="1" Chance="7" /> -->	<!-- 古代地龍鱗盔甲 -->
		<!-- <Item ItemId="20153" Count="1" Chance="7" /> -->	<!-- 古代地龍鱗盔甲 -->
		<!-- <Item ItemId="20108" Count="1" Chance="7" /> -->	<!-- 古代水龍鱗盔甲 -->
		<!-- <Item ItemId="20119" Count="1" Chance="7" /> -->	<!-- 古代火龍鱗盔甲 -->
		<!-- <Item ItemId="66" Count="1" Chance="7" /> -->		<!-- 屠龍劍 -->
		<!-- <Item ItemId="40666" Count="1" Chance="7" /> -->	<!-- 無法得知的傳家之寶 -->
		<Item ItemId="40466" Count="1" Chance="0.5" />	<!-- 龍之心 -->
		<Item ItemId="40076" Count="1" Chance="0.5" />	<!-- 古代的卷軸 -->
		<Item ItemId="40033" Count="1" Chance="0.5" />	<!-- 萬能藥 (力量) -->
		<Item ItemId="40034" Count="1" Chance="0.5" />	<!-- 萬能藥 (體質) -->
		<Item ItemId="40035" Count="1" Chance="0.5" />	<!-- 萬能藥 (敏捷) -->
		<Item ItemId="40036" Count="1" Chance="0.5" />	<!-- 萬能藥 (智慧) -->
		<Item ItemId="40037" Count="1" Chance="0.5" />	<!-- 萬能藥 (精神) -->
		<Item ItemId="40038" Count="1" Chance="0.5" />	<!-- 萬能藥 (魅力) -->
	</TreasureBox>
	<!--多魯嘉5世傳家之寶-->
	<TreasureBox Type="RANDOM" ItemId="40627">
				<Item ItemId="40308" Count="100000" Chance="9.6" />	<!-- 金幣 -->
		<Item ItemId="40308" Count="200000" Chance="9.6" />	<!-- 金幣 -->
		<Item ItemId="40308" Count="300000" Chance="9.6" />	<!-- 金幣 -->
		<Item ItemId="40308" Count="400000" Chance="9.6" />	<!-- 金幣 -->
		<Item ItemId="40308" Count="500000" Chance="9.6" />	<!-- 金幣 -->
		<Item ItemId="40308" Count="600000" Chance="9.6" />	<!-- 金幣 -->
		<Item ItemId="40308" Count="700000" Chance="9.6" />	<!-- 金幣 -->
		<Item ItemId="40308" Count="800000" Chance="9.6" />	<!-- 金幣 -->
		<Item ItemId="40308" Count="900000" Chance="9.6" />	<!-- 金幣 -->
		<Item ItemId="40308" Count="1000000" Chance="9.6" />	<!-- 金幣 -->
		<!-- <Item ItemId="20130" Count="1" Chance="7" /> -->	<!-- 古代地龍鱗盔甲 -->
		<!-- <Item ItemId="20153" Count="1" Chance="7" /> -->	<!-- 古代地龍鱗盔甲 -->
		<!-- <Item ItemId="20108" Count="1" Chance="7" /> -->	<!-- 古代水龍鱗盔甲 -->
		<!-- <Item ItemId="20119" Count="1" Chance="7" /> -->	<!-- 古代火龍鱗盔甲 -->
		<!-- <Item ItemId="66" Count="1" Chance="7" /> -->		<!-- 屠龍劍 -->
		<!-- <Item ItemId="40666" Count="1" Chance="7" /> -->	<!-- 無法得知的傳家之寶 -->
		<Item ItemId="40466" Count="1" Chance="0.5" />	<!-- 龍之心 -->
		<Item ItemId="40076" Count="1" Chance="0.5" />	<!-- 古代的卷軸 -->
		<Item ItemId="40033" Count="1" Chance="0.5" />	<!-- 萬能藥 (力量) -->
		<Item ItemId="40034" Count="1" Chance="0.5" />	<!-- 萬能藥 (體質) -->
		<Item ItemId="40035" Count="1" Chance="0.5" />	<!-- 萬能藥 (敏捷) -->
		<Item ItemId="40036" Count="1" Chance="0.5" />	<!-- 萬能藥 (智慧) -->
		<Item ItemId="40037" Count="1" Chance="0.5" />	<!-- 萬能藥 (精神) -->
		<Item ItemId="40038" Count="1" Chance="0.5" />	<!-- 萬能藥 (魅力) -->
	</TreasureBox>
	<!--多魯嘉6世傳家之寶-->
	<TreasureBox Type="RANDOM" ItemId="40628">
				<Item ItemId="40308" Count="100000" Chance="9.6" />	<!-- 金幣 -->
		<Item ItemId="40308" Count="200000" Chance="9.6" />	<!-- 金幣 -->
		<Item ItemId="40308" Count="300000" Chance="9.6" />	<!-- 金幣 -->
		<Item ItemId="40308" Count="400000" Chance="9.6" />	<!-- 金幣 -->
		<Item ItemId="40308" Count="500000" Chance="9.6" />	<!-- 金幣 -->
		<Item ItemId="40308" Count="600000" Chance="9.6" />	<!-- 金幣 -->
		<Item ItemId="40308" Count="700000" Chance="9.6" />	<!-- 金幣 -->
		<Item ItemId="40308" Count="800000" Chance="9.6" />	<!-- 金幣 -->
		<Item ItemId="40308" Count="900000" Chance="9.6" />	<!-- 金幣 -->
		<Item ItemId="40308" Count="1000000" Chance="9.6" />	<!-- 金幣 -->
		<!-- <Item ItemId="20130" Count="1" Chance="7" /> -->	<!-- 古代地龍鱗盔甲 -->
		<!-- <Item ItemId="20153" Count="1" Chance="7" /> -->	<!-- 古代地龍鱗盔甲 -->
		<!-- <Item ItemId="20108" Count="1" Chance="7" /> -->	<!-- 古代水龍鱗盔甲 -->
		<!-- <Item ItemId="20119" Count="1" Chance="7" /> -->	<!-- 古代火龍鱗盔甲 -->
		<!-- <Item ItemId="66" Count="1" Chance="7" /> -->		<!-- 屠龍劍 -->
		<!-- <Item ItemId="40666" Count="1" Chance="7" /> -->	<!-- 無法得知的傳家之寶 -->
		<Item ItemId="40466" Count="1" Chance="0.5" />	<!-- 龍之心 -->
		<Item ItemId="40076" Count="1" Chance="0.5" />	<!-- 古代的卷軸 -->
		<Item ItemId="40033" Count="1" Chance="0.5" />	<!-- 萬能藥 (力量) -->
		<Item ItemId="40034" Count="1" Chance="0.5" />	<!-- 萬能藥 (體質) -->
		<Item ItemId="40035" Count="1" Chance="0.5" />	<!-- 萬能藥 (敏捷) -->
		<Item ItemId="40036" Count="1" Chance="0.5" />	<!-- 萬能藥 (智慧) -->
		<Item ItemId="40037" Count="1" Chance="0.5" />	<!-- 萬能藥 (精神) -->
		<Item ItemId="40038" Count="1" Chance="0.5" />	<!-- 萬能藥 (魅力) -->
	</TreasureBox>
	<!--多魯嘉7世傳家之寶-->
	<TreasureBox Type="RANDOM" ItemId="40629">
				<Item ItemId="40308" Count="100000" Chance="9.6" />	<!-- 金幣 -->
		<Item ItemId="40308" Count="200000" Chance="9.6" />	<!-- 金幣 -->
		<Item ItemId="40308" Count="300000" Chance="9.6" />	<!-- 金幣 -->
		<Item ItemId="40308" Count="400000" Chance="9.6" />	<!-- 金幣 -->
		<Item ItemId="40308" Count="500000" Chance="9.6" />	<!-- 金幣 -->
		<Item ItemId="40308" Count="600000" Chance="9.6" />	<!-- 金幣 -->
		<Item ItemId="40308" Count="700000" Chance="9.6" />	<!-- 金幣 -->
		<Item ItemId="40308" Count="800000" Chance="9.6" />	<!-- 金幣 -->
		<Item ItemId="40308" Count="900000" Chance="9.6" />	<!-- 金幣 -->
		<Item ItemId="40308" Count="1000000" Chance="9.6" />	<!-- 金幣 -->
		<!-- <Item ItemId="20130" Count="1" Chance="7" /> -->	<!-- 古代地龍鱗盔甲 -->
		<!-- <Item ItemId="20153" Count="1" Chance="7" /> -->	<!-- 古代地龍鱗盔甲 -->
		<!-- <Item ItemId="20108" Count="1" Chance="7" /> -->	<!-- 古代水龍鱗盔甲 -->
		<!-- <Item ItemId="20119" Count="1" Chance="7" /> -->	<!-- 古代火龍鱗盔甲 -->
		<!-- <Item ItemId="66" Count="1" Chance="7" /> -->		<!-- 屠龍劍 -->
		<!-- <Item ItemId="40666" Count="1" Chance="7" /> -->	<!-- 無法得知的傳家之寶 -->
		<Item ItemId="40466" Count="1" Chance="0.5" />	<!-- 龍之心 -->
		<Item ItemId="40076" Count="1" Chance="0.5" />	<!-- 古代的卷軸 -->
		<Item ItemId="40033" Count="1" Chance="0.5" />	<!-- 萬能藥 (力量) -->
		<Item ItemId="40034" Count="1" Chance="0.5" />	<!-- 萬能藥 (體質) -->
		<Item ItemId="40035" Count="1" Chance="0.5" />	<!-- 萬能藥 (敏捷) -->
		<Item ItemId="40036" Count="1" Chance="0.5" />	<!-- 萬能藥 (智慧) -->
		<Item ItemId="40037" Count="1" Chance="0.5" />	<!-- 萬能藥 (精神) -->
		<Item ItemId="40038" Count="1" Chance="0.5" />	<!-- 萬能藥 (魅力) -->
	</TreasureBox>
	<!-- 皮爾斯的禮物 -->
	<TreasureBox Type="RANDOM" ItemId="40715">
		<Item ItemId="152" Count="1" Chance="6" />	<!--青銅 鋼爪-->
		<Item ItemId="69" Count="1" Chance="6" />	<!--青銅 雙刀-->
		<Item ItemId="153" Count="1" Chance="5" />	<!--鋼鐵 鋼爪-->
		<Item ItemId="71" Count="1" Chance="5" />	<!--鋼鐵 雙刀-->
		<Item ItemId="154" Count="1" Chance="5" />	<!--暗影 鋼爪-->
		<Item ItemId="72" Count="1" Chance="5" />	<!--暗影 雙刀-->
		<Item ItemId="159" Count="1" Chance="5" />	<!--短 鋼爪-->
		<Item ItemId="77" Count="1" Chance="5" />	<!--短 雙刀-->
		<Item ItemId="161" Count="1" Chance="5" />	<!--大馬士革 鋼爪-->
		<Item ItemId="80" Count="1" Chance="5" />	<!--大馬士革 雙刀-->
		<Item ItemId="158" Count="1" Chance="4" />	<!--黑暗 鋼爪-->
		<Item ItemId="75" Count="1" Chance="4" />	<!--黑暗 雙刀-->
		<Item ItemId="168" Count="1" Chance="4" />	<!--黑暗 十字弓-->
		<Item ItemId="162" Count="1" Chance="0.1" />	<!--幽暗 鋼爪-->
		<Item ItemId="81" Count="1" Chance="0.1" />	<!--幽暗 雙刀-->
		<Item ItemId="177" Count="1" Chance="0.1" />	<!--幽暗 十字弓-->
		<Item ItemId="40738" Count="1000" Chance="6.9" />	<!--銀飛刀-->
		<Item ItemId="40739" Count="1000" Chance="6.9" />	<!--飛刀-->
		<Item ItemId="40740" Count="500" Chance="6.9" />	<!--重飛刀-->
		<Item ItemId="20032" Count="1" Chance="3" />	<!--黑暗 頭飾-->
		<Item ItemId="20070" Count="1" Chance="3" />	<!--黑暗 斗篷-->
		<Item ItemId="20180" Count="1" Chance="3" />	<!--黑暗 手套-->
		<Item ItemId="20132" Count="1" Chance="3" />	<!--黑暗 披肩-->
		<Item ItemId="20210" Count="1" Chance="3" />	<!--黑暗 長靴-->
	</TreasureBox>

	<!-- 金南瓜-->
	<TreasureBox Type="RANDOM" ItemId="40722">
		<Item ItemId="40524" Count="10" Chance="13" />	<!-- 黑色血痕 -->
		<Item ItemId="40043" Count="10" Chance="15" />	<!-- 兔子的肝 -->
		<Item ItemId="40068" Count="30" Chance="15" />	<!-- 精靈餅乾 -->
		<Item ItemId="40039" Count="10" Chance="5" />	<!-- 紅酒 -->
		<Item ItemId="40040" Count="10" Chance="5" />	<!-- 威士忌 -->
		<Item ItemId="40031" Count="10" Chance="5" />	<!-- 惡魔之血 -->
		<Item ItemId="20342" Count="1" Chance="5" />	<!-- 死神披肩 -->
		<Item ItemId="20079" Count="1" Chance="5" />	<!-- 吸血鬼斗篷 -->
		<Item ItemId="20047" Count="1" Chance="5" />	<!-- 南瓜頭套 -->
		<Item ItemId="20086" Count="1" Chance="5">		<!-- 上衣 隆吉特 -->
			<!--本来はディフォン ダブレット ジッツ？-->
		</Item>
		<Item ItemId="20087" Count="1" Chance="5">	<!-- 上衣 隆貝特 -->
			<!--本来はディフォン ダブレット ヴィッツ？-->
		</Item>
		<Item ItemId="20088" Count="1" Chance="5">	<!-- 上衣 隆奇特 -->
			<!--本来はディフォン ダブレット チェッツ？-->
		</Item>
		<Item ItemId="100029" Count="1" Chance="1" />	<!-- 受祝福的銀長劍 -->
		<Item ItemId="100037" Count="1" Chance="1" />	<!-- 受祝福的大馬士革刀 -->
		<Item ItemId="100042" Count="1" Chance="1" />	<!-- 受祝福的細劍 -->
		<Item ItemId="100049" Count="1" Chance="1" />	<!-- 受祝福的武官之刃 -->
		<Item ItemId="100074" Count="1" Chance="1" />	<!-- 受祝福的銀光 雙刀 -->
		<Item ItemId="120280" Count="1" Chance="1" />	<!-- 受祝福的滅魔戒指 -->
		<Item ItemId="120309" Count="1" Chance="1" />	<!-- 受祝福的光明身體腰帶 -->
		<Item ItemId="120310" Count="1" Chance="1" />	<!-- 受祝福的光明靈魂腰帶 -->
		<Item ItemId="120311" Count="1" Chance="1" />	<!-- 受祝福的光明精神腰帶 -->
		<Item ItemId="120317" Count="1" Chance="1" />	<!-- 受祝福的歐吉皮帶 -->
		<Item ItemId="120320" Count="1" Chance="1" />	<!-- 受祝福的泰坦皮帶 -->
		<Item ItemId="120321" Count="1" Chance="1" />	<!-- 受祝福的多羅皮帶 -->
	</TreasureBox>
	
	<!-- 銀南瓜 -->
	<TreasureBox Type="RANDOM" ItemId="40723">
		<Item ItemId="40021" Count="9" Chance="12" />	<!-- 濃縮終極體力恢復劑 -->
		<Item ItemId="40024" Count="20" Chance="5" />	<!-- 古代終極體力恢復劑 -->
		<Item ItemId="40015" Count="20" Chance="5" />	<!-- 藍色藥水 -->
		<Item ItemId="40068" Count="5" Chance="5" />	<!-- 精靈餅乾 -->
		<Item ItemId="40093" Count="8" Chance="5" />	<!-- 空的魔法卷軸(等級4) -->
		<Item ItemId="40094" Count="8" Chance="5" />	<!-- 空的魔法卷軸(等級5) -->
		<Item ItemId="40524" Count="1" Chance="5" />	<!-- 黑色血痕 -->
		<Item ItemId="40074" Count="1" Chance="5" />	<!-- 對盔甲施法的卷軸 -->
		<Item ItemId="40087" Count="1" Chance="5" />	<!-- 對武器施法的卷軸 -->
		<Item ItemId="20347" Count="1" Chance="5" />	<!-- 韓服 -->
		<Item ItemId="20348" Count="1" Chance="5" />	<!-- 和服 -->
		<Item ItemId="20350" Count="1" Chance="5" />	<!-- 雪人的項鍊 -->
		<Item ItemId="40212" Count="1" Chance="5" />	<!-- 魔法書(變形術) -->
		<Item ItemId="40218" Count="1" Chance="5" />	<!-- 魔法書(創造魔法武器) -->
		<Item ItemId="140068" Count="1" Chance="5" />	<!-- 受祝福的精靈餅乾 -->
		<Item ItemId="100004" Count="1" Chance="2" />	<!-- 受祝福的匕首 -->
		<Item ItemId="100025" Count="1" Chance="2" />	<!-- 受祝福的銀劍 -->
		<Item ItemId="100062" Count="1" Chance="2" />	<!-- 受祝福的武官雙手劍 -->
		<Item ItemId="100099" Count="1" Chance="2" />	<!-- 受祝福的精靈之矛 -->
		<Item ItemId="100132" Count="1" Chance="2" />	<!-- 受祝福的神官魔杖 -->
		<Item ItemId="100169" Count="1" Chance="2" />	<!-- 受祝福的獵人之弓 -->
		<Item ItemId="120011" Count="1" Chance="2" />	<!-- 受祝福的抗魔法頭盔 -->
		<Item ItemId="120085" Count="1" Chance="2" />	<!-- 受祝福的T恤 -->
		<Item ItemId="120137" Count="1" Chance="2" />	<!-- 受祝福的精靈鏈甲 -->
	</TreasureBox>

	<!-- 銅南瓜 -->
	<TreasureBox Type="RANDOM" ItemId="40724">
		<Item ItemId="40028" Count="60" Chance="5" />	<!-- 蘋果 汁 -->
		<Item ItemId="40058" Count="3" Chance="5" />	<!-- 煙燻的麵包屑 -->
		<Item ItemId="40071" Count="1" Chance="5" />	<!-- 烤焦的麵包屑 -->
		<Item ItemId="40018" Count="1" Chance="5" />	<!-- 強化 綠色藥水 -->
		<Item ItemId="40088" Count="3" Chance="5" />	<!-- 變形卷軸 -->
		<Item ItemId="40015" Count="5" Chance="5" />	<!-- 加速魔力恢復藥水 -->
		<Item ItemId="40318" Count="20" Chance="5" />	<!-- 魔法寶石 -->
		<Item ItemId="40014" Count="10" Chance="5" />	<!-- 勇敢藥水 -->
		<Item ItemId="40068" Count="1" Chance="5" />	<!-- 精靈餅乾 -->
		<Item ItemId="40089" Count="10" Chance="5" />	<!-- 復活卷軸 -->
		<Item ItemId="40043" Count="1" Chance="5" />	<!-- 兔子的肝 -->
		<Item ItemId="20345" Count="1" Chance="5" />	<!-- 柯利的項鍊 -->
		<Item ItemId="20346" Count="1" Chance="5" />	<!-- 浣熊的項鍊 -->
		<Item ItemId="20349" Count="1" Chance="5" />	<!-- 獵犬項鍊 -->
		<Item ItemId="140061" Count="1" Chance="5" />	<!-- 受祝福的檸檬 -->
		<Item ItemId="140062" Count="1" Chance="5" />	<!-- 受祝福的香蕉 -->
		<Item ItemId="140065" Count="1" Chance="5" />	<!-- 受祝福的情人禮物(糖果) -->
		<Item ItemId="140069" Count="1" Chance="5" />	<!-- 受祝福的橘子 -->
		<Item ItemId="140072" Count="1" Chance="5" />	<!-- 受祝福的烤薄餅 -->
		<Item ItemId="140506" Count="1" Chance="5" />	<!-- 受祝福的安特的水果 -->
	</TreasureBox>

	<!--古老皮袋-->
	<TreasureBox Type="RANDOM" ItemId="40167">
		<Item ItemId="40058" Count="1" Chance="48.7" />	<!-- 煙燻的麵包屑 -->
		<Item ItemId="40071" Count="1" Chance="48" />	<!-- 烤焦的麵包屑 -->
		<Item ItemId="40331" Count="1" Chance="0.1" />	<!-- 肯特勇士之劍	10000 -->
		<Item ItemId="40332" Count="1" Chance="0.5" />	<!-- 肯特射手之弓	6000 -->
		<Item ItemId="40333" Count="1" Chance="0.1" />	<!-- 肯特法師魔杖	160000 -->
		<Item ItemId="40334" Count="1" Chance="0.1" />	<!-- 肯特刺客雙刀	40000 -->
		<Item ItemId="40335" Count="1" Chance="2" />	<!-- 肯特戰士斧頭	2000 -->
		<Item ItemId="40336" Count="1" Chance="0.1" />	<!-- 肯特徽章長靴	16000 -->
		<Item ItemId="40337" Count="1" Chance="0.1" />	<!-- 肯特徽章盔甲	200000 -->
		<Item ItemId="40338" Count="1" Chance="0.1" />	<!-- 肯特徽章手套	20000 -->
		<Item ItemId="40339" Count="1" Chance="0.1" />	<!-- 肯特徽章盾牌	60000 -->
		<Item ItemId="40340" Count="1" Chance="0.1" />	<!-- 肯特徽章頭盔	100000 -->
	</TreasureBox>
	<!--古老絲袋-->
	<TreasureBox Type="RANDOM" ItemId="40168">
		<Item ItemId="40058" Count="1" Chance="48.7" />	<!-- 煙燻的麵包屑 -->
		<Item ItemId="40071" Count="1" Chance="48" />	<!-- 烤焦的麵包屑 -->
		<Item ItemId="40331" Count="1" Chance="0.1" />	<!-- 肯特勇士之劍	10000 -->
		<Item ItemId="40332" Count="1" Chance="0.5" />	<!-- 肯特射手之弓	6000 -->
		<Item ItemId="40333" Count="1" Chance="0.1" />	<!-- 肯特法師魔杖	160000 -->
		<Item ItemId="40334" Count="1" Chance="0.1" />	<!-- 肯特刺客雙刀	40000 -->
		<Item ItemId="40335" Count="1" Chance="2" />	<!-- 肯特戰士斧頭	2000 -->
		<Item ItemId="40336" Count="1" Chance="0.1" />	<!-- 肯特徽章長靴	16000 -->
		<Item ItemId="40337" Count="1" Chance="0.1" />	<!-- 肯特徽章盔甲	200000 -->
		<Item ItemId="40338" Count="1" Chance="0.1" />	<!-- 肯特徽章手套	20000 -->
		<Item ItemId="40339" Count="1" Chance="0.1" />	<!-- 肯特徽章盾牌	60000 -->
		<Item ItemId="40340" Count="1" Chance="0.1" />	<!-- 肯特徽章頭盔	100000 -->
	</TreasureBox>
	<!--遺物袋子-->
	<TreasureBox Type="RANDOM" ItemId="40415">
		<Item ItemId="40058" Count="1" Chance="48.7" />	<!-- 煙燻的麵包屑 -->
		<Item ItemId="40071" Count="1" Chance="48" />	<!-- 烤焦的麵包屑 -->
		<Item ItemId="40331" Count="1" Chance="0.1" />	<!-- 肯特勇士之劍	10000 -->
		<Item ItemId="40332" Count="1" Chance="0.5" />	<!-- 肯特射手之弓	6000 -->
		<Item ItemId="40333" Count="1" Chance="0.1" />	<!-- 肯特法師魔杖	160000 -->
		<Item ItemId="40334" Count="1" Chance="0.1" />	<!-- 肯特刺客雙刀	40000 -->
		<Item ItemId="40335" Count="1" Chance="2" />	<!-- 肯特戰士斧頭	2000 -->
		<Item ItemId="40336" Count="1" Chance="0.1" />	<!-- 肯特徽章長靴	16000 -->
		<Item ItemId="40337" Count="1" Chance="0.1" />	<!-- 肯特徽章盔甲	200000 -->
		<Item ItemId="40338" Count="1" Chance="0.1" />	<!-- 肯特徽章手套	20000 -->
		<Item ItemId="40339" Count="1" Chance="0.1" />	<!-- 肯特徽章盾牌	60000 -->
		<Item ItemId="40340" Count="1" Chance="0.1" />	<!-- 肯特徽章頭盔	100000 -->
	</TreasureBox>
	<!--無限の矢筒-->
	<TreasureBox Type="RANDOM" ItemId="40330">
		<Item ItemId="40744" Count="4000" Chance="80" />
		<Item ItemId="40746" Count="1000" Chance="10" />
		<Item ItemId="40747" Count="1000" Chance="5" />
		<Item ItemId="40748" Count="1000" Chance="5" />
	</TreasureBox>

	<!-- 詛咒之血 -->
	<TreasureBox Type="RANDOM" ItemId="40416">
		<Item ItemId="40031" Count="1" Chance="44" /> <!-- 惡魔之血 -->
		<Item ItemId="40009" Count="1" Chance="19" /> <!-- 驅逐魔杖 -->
		<!--<Item ItemId="40006" Count="1" Chance="15" /> --> <!-- 松木魔杖 -->
		<Item ItemId="40007" Count="1" Chance="19" /> <!-- 閃電魔杖 -->
		<!-- <Item ItemId="40008" Count="1" Chance="15" /> --> <!-- 變形魔杖 -->
		<Item ItemId="40524" Count="1" Chance="18" /> <!-- 黑色血痕 -->
	</TreasureBox>

	<!--アルケミストストーン-->
	<TreasureBox Type="RANDOM" ItemId="40414">
		<Item ItemId="40042" Count="1" Chance="11" />
		<Item ItemId="40010" Count="1" Chance="9" />
		<Item ItemId="40011" Count="1" Chance="8" />
		<Item ItemId="49012" Count="1" Chance="8" />
		<Item ItemId="40013" Count="1" Chance="8" />
		<Item ItemId="40014" Count="1" Chance="8" />
		<Item ItemId="40015" Count="1" Chance="8" />
		<Item ItemId="40016" Count="1" Chance="8" />
		<Item ItemId="40017" Count="1" Chance="8" />
		<Item ItemId="40018" Count="1" Chance="8" />
		<Item ItemId="40025" Count="1" Chance="8" />
		<Item ItemId="40425" Count="1" Chance="8" />
	</TreasureBox>
	<!--アリアからの報酬-->
	<TreasureBox Type="SPECIFIC" ItemId="40570">
		<Item ItemId="20051" Count="1" />
		<Item ItemId="40228" Count="1" />
	</TreasureBox>
	<!--神秘の袋-->
	<TreasureBox Type="SPECIFIC" ItemId="40568">
		<Item ItemId="40576" Count="1" />
		<Item ItemId="40577" Count="1" />
		<Item ItemId="40578" Count="1" />
	</TreasureBox>
	<!--魂の結晶の破片 (白)-->
	<TreasureBox Type="SPECIFIC" ItemId="40576">
		<Item ItemId="40573" Count="1" />
	</TreasureBox>
	<!--魂の結晶の破片 (黒)-->
	<TreasureBox Type="SPECIFIC" ItemId="40577">
		<Item ItemId="40574" Count="1" />
	</TreasureBox>
	<!--魂の結晶の破片 (赤)-->
	<TreasureBox Type="SPECIFIC" ItemId="40578">
		<Item ItemId="40575" Count="1" />
	</TreasureBox>
	<!--魔族のスクロール-->
	<TreasureBox Type="SPECIFIC" ItemId="49013">
		<Item ItemId="49014" Count="1" />
	</TreasureBox>
	<!--ブラックエントの実-->
	<TreasureBox Type="SPECIFIC" ItemId="40411">
		<Item ItemId="20299" Count="1" />
	</TreasureBox>
	<!--ガーディアンの袋-->
	<TreasureBox Type="SPECIFIC" ItemId="40528">
		<Item ItemId="65" Count="1" />
		<Item ItemId="40597" Count="1" />
		<Item ItemId="40537" Count="1" />
	</TreasureBox>
	<!--エルフ族の宝物-->
	<TreasureBox Type="SPECIFIC" ItemId="40588">
		<Item ItemId="40243" Count="1" />
		<Item ItemId="20084" Count="1" />
	</TreasureBox>
	<!--亡霊の袋-->
	<TreasureBox Type="SPECIFIC" ItemId="40548">
		<Item ItemId="40533" Count="1" />
		<Item ItemId="192" Count="1" />
	</TreasureBox>
	<!--マシューの報酬-->
	<TreasureBox Type="SPECIFIC" ItemId="40546">
		<Item ItemId="192" Count="1" />
		<Item ItemId="20171" Count="1" />
		<Item ItemId="40245" Count="1" />
	</TreasureBox>
	<!--タラスの魔法袋-->
	<TreasureBox Type="SPECIFIC" ItemId="40599">
		<Item ItemId="133" Count="1" />
		<Item ItemId="20055" Count="1" />
	</TreasureBox>
	<!--カーンの袋-->
	<TreasureBox Type="SPECIFIC" ItemId="40598">
		<Item ItemId="20004" Count="1" />
		<Item ItemId="40268" Count="1" />
	</TreasureBox>
	<!--暗殺リストの袋-->
	<TreasureBox Type="SPECIFIC" ItemId="40556">
		<Item ItemId="40596" Count="1">
			<!--死の誓約書 (本来は暗殺リスト)-->
		</Item>
	</TreasureBox>
	<!--ロンドゥの袋-->
	<TreasureBox Type="SPECIFIC" ItemId="40545">
		<Item ItemId="20164" Count="1" />
		<Item ItemId="40270" Count="1" />
	</TreasureBox>
	<!--アサシンマスターの箱-->
	<TreasureBox Type="SPECIFIC" ItemId="40571">
		<Item ItemId="40648" Count="1" />
		<Item ItemId="40595" Count="1" />
	</TreasureBox>
	<!--ブルディカの袋-->
	<TreasureBox Type="SPECIFIC" ItemId="40553">
		<Item ItemId="20195" Count="1"></Item>
		<Item ItemId="40276" Count="1" />
	</TreasureBox>
	<!--君主の袋-->
	<TreasureBox Type="SPECIFIC" ItemId="41217">
		<Item ItemId="20384" Count="1" />
		<Item ItemId="20391" Count="1" />
		<Item ItemId="20397" Count="1" />
	</TreasureBox>
	<!--ナイトの袋-->
	<TreasureBox Type="SPECIFIC" ItemId="41218">
		<Item ItemId="20385" Count="1" />
		<Item ItemId="20394" Count="1" />
		<Item ItemId="20398" Count="1" />
	</TreasureBox>
	<!--エルフの袋-->
	<TreasureBox Type="SPECIFIC" ItemId="41219">
		<Item ItemId="20386" Count="1" />
		<Item ItemId="20392" Count="1" />
		<Item ItemId="20403" Count="1" />
	</TreasureBox>
	<!--ウィザードの袋-->
	<TreasureBox Type="SPECIFIC" ItemId="41220">
		<Item ItemId="20387" Count="1" />
		<Item ItemId="20399" Count="1" />
		<Item ItemId="20404" Count="1" />
	</TreasureBox>
	<!--ダークエルフの袋-->
	<TreasureBox Type="SPECIFIC" ItemId="41221">
		<Item ItemId="20388" Count="1" />
		<Item ItemId="20400" Count="1" />
		<Item ItemId="20405" Count="1" />
	</TreasureBox>
	<!--ジョンの届け物-->
	<TreasureBox Type="SPECIFIC" ItemId="41232">
		<Item ItemId="41233" Count="1" />
		<Item ItemId="41234" Count="1" />
	</TreasureBox>
	<!--ケーイの届け物-->
	<TreasureBox Type="SPECIFIC" ItemId="41238">
		<Item ItemId="41239" Count="1" />
		<Item ItemId="41240" Count="1" />
	</TreasureBox>
	<!--骨細工師の袋-->
	<TreasureBox Type="SPECIFIC" ItemId="41241">
		<Item ItemId="20045" Count="1" />
		<Item ItemId="20221" Count="1" />
	</TreasureBox>
	<!--オークの袋-->
	<TreasureBox Type="SPECIFIC" ItemId="41242">
		<Item ItemId="40930" Count="1" />
		<Item ItemId="41081" Count="1" />
		<Item ItemId="41082" Count="1" />
		<Item ItemId="41085" Count="1" />
	</TreasureBox>
	<!--バンディッドの袋-->
	<TreasureBox Type="SPECIFIC" ItemId="41074">
		<Item ItemId="40308" Count="500" />
	</TreasureBox>
	<!--小さな袋-->
	<TreasureBox Type="SPECIFIC" ItemId="40702">
		<Item ItemId="40701" Count="1" />
	</TreasureBox>
	<!--占星術師の壺-->
	<TreasureBox Type="SPECIFIC" ItemId="41312">
		<Item ItemId="41313" Count="1" />
	</TreasureBox>
	<!-- 拉斯塔巴德補給袋 -->
	<TreasureBox Type="RANDOM" ItemId="41243">
		<Item ItemId="40308" Count="300" Chance="32.7" />
		<Item ItemId="40308" Count="1000" Chance="10.7" />
		<Item ItemId="40308" Count="10000" Chance="1" />
		<!-- <Item ItemId="40006" Count="1" Chance="1" /> -->	<!-- 松木魔杖 -->
		<!-- <Item ItemId="40008" Count="1" Chance="1" /> -->	<!-- 變形魔杖 -->
		<Item ItemId="40044" Count="1" Chance="5" />	<!--ダイアモンド-->
		<Item ItemId="40045" Count="1" Chance="5" />	<!--ルビー-->
		<Item ItemId="40046" Count="1" Chance="5" />	<!--サファイア-->
		<Item ItemId="40047" Count="1" Chance="5" />	<!--エメラルド-->
		<Item ItemId="40048" Count="1" Chance="3" />	<!--高級 ダイアモンド-->
		<Item ItemId="40049" Count="1" Chance="3" />	<!--高級 ルビー-->
		<Item ItemId="40050" Count="1" Chance="3" />	<!--高級 サファイア-->
		<Item ItemId="40051" Count="1" Chance="3" />	<!--高級 エメラルド-->
		<Item ItemId="40052" Count="1" Chance="1" />	<!--最高級 ダイアモンド-->
		<Item ItemId="40053" Count="1" Chance="1" />	<!--最高級 ルビー-->
		<Item ItemId="40054" Count="1" Chance="1" />	<!--最高級 サファイア-->
		<Item ItemId="40055" Count="1" Chance="1" />	<!--最高級 エメラルド-->
		<Item ItemId="40429" Count="1" Chance="10" />	<!--大空洞スク切れ端-->
		<Item ItemId="40441" Count="1" Chance="1" />	<!--プラチナのピース-->
		<Item ItemId="40444" Count="1" Chance="1" />	<!--ブラックミスリル原石-->
		<Item ItemId="40468" Count="1" Chance="1" />	 <!--銀原石-->
		<Item ItemId="40489" Count="1" Chance="1" />	<!--ゴールドのピース-->
		<Item ItemId="40508" Count="1" Chance="1" />	<!--オリハルコン-->
		<Item ItemId="40524" Count="1" Chance="1" />	<!--黒い血痕-->
		<Item ItemId="140074" Count="1" Chance="0.3" />	<!--受祝福的對盔甲施法的卷軸-->
		<Item ItemId="140087" Count="1" Chance="0.3" />	<!--受祝福的對武器施法的卷軸-->
		<Item ItemId="140100" Count="3" Chance="3" />	<!--受祝福的瞬間移動卷軸-->
	</TreasureBox>
	<!--ラスタバド補給品の箱-->
	<TreasureBox Type="RANDOM" ItemId="41244">
		<Item ItemId="6" Count="1" Chance="1" />		<!--ラスタバドダガー-->
		<Item ItemId="10" Count="1" Chance="1" />		<!--ラスタバドブレード-->
		<Item ItemId="38" Count="1" Chance="1" />		<!--ラスタバド長剣-->
		<Item ItemId="82" Count="1" Chance="1" />		<!--ラスタバド双剣-->
		<Item ItemId="101" Count="1" Chance="1" />		<!--ラスタバド槍-->
		<Item ItemId="122" Count="1" Chance="1" />		<!--ラスタバドスタッフ-->
		<Item ItemId="176" Count="1" Chance="1" />		<!--ラスタバドボウ-->
		<Item ItemId="187" Count="1" Chance="1" />		<!--ラスタバドクロスボウ-->
		<Item ItemId="188" Count="1" Chance="1" />		<!--ラスタバド重クロス-->
		<Item ItemId="20032" Count="1" Chance="1" />	<!--ダークヘッドバンド-->
		<Item ItemId="20102" Count="1" Chance="1" />	<!--ラスタバドレザー鎧-->
		<Item ItemId="20103" Count="1" Chance="1" />	<!--ラスタバドローブ-->
		<Item ItemId="20104" Count="1" Chance="1" />	<!--ラスタバドスタデッド-->
		<Item ItemId="20105" Count="1" Chance="1" />	<!--ラスタバドチェーン鎧-->
		<Item ItemId="20132" Count="1" Chance="1" />	<!--ダーク ローブ-->
		<Item ItemId="20199" Count="1" Chance="1" />	<!--ラスタバドブーツ-->
		<Item ItemId="20224" Count="1" Chance="1" />	<!--ラスタバドラウンド盾-->
		<Item ItemId="40675" Count="1" Chance="20" />	<!--闇の鉱石-->
		<Item ItemId="40675" Count="2" Chance="20" />	<!--闇の鉱石-->
		<Item ItemId="40675" Count="3" Chance="20" />	<!--闇の鉱石-->
		<Item ItemId="40746" Count="10" Chance="4" />	<!--ミスリルの矢-->
		<Item ItemId="40746" Count="15" Chance="4" />	<!--ミスリルの矢-->
		<Item ItemId="40746" Count="20" Chance="4" />	<!--ミスリルの矢-->
		<Item ItemId="40746" Count="25" Chance="3" />	<!--ミスリルの矢-->
		<Item ItemId="40746" Count="30" Chance="3" />	<!--ミスリルの矢-->
		<Item ItemId="40746" Count="35" Chance="2" />	<!--ミスリルの矢-->
		<Item ItemId="40746" Count="40" Chance="2" />	<!--ミスリルの矢-->
		<Item ItemId="40746" Count="50" Chance="1" />	<!--ミスリルの矢-->
	</TreasureBox>
	<!--勇者のパンプキン袋-->
	<TreasureBox Type="RANDOM" ItemId="41308">
		<Item ItemId="41251" Count="1" Chance="10" />
		<Item ItemId="40010" Count="30" Chance="10" />
		<Item ItemId="40010" Count="15" Chance="20" />
		<Item ItemId="40011" Count="15" Chance="20" />
		<Item ItemId="40012" Count="15" Chance="20" />
		<Item ItemId="40088" Count="6" Chance="20" />
	</TreasureBox>
	<!-- 魔法娃娃的袋子 -->
	<TreasureBox Type="RANDOM" ItemId="41247">
		<Item ItemId="41248" Count="1" Chance="20" />
		<Item ItemId="41249" Count="1" Chance="16" />
		<Item ItemId="41250" Count="1" Chance="16" />
		<Item ItemId="49037" Count="1" Chance="16" />
		<Item ItemId="49038" Count="1" Chance="16" />
		<Item ItemId="49039" Count="1" Chance="16" />
	</TreasureBox>
	<!--パルームの作物袋-->
	<TreasureBox Type="RANDOM" ItemId="41355">
		<Item ItemId="140074" Count="1" Chance="0.41" />
		<Item ItemId="140087" Count="1" Chance="0.25" />
		<Item ItemId="40074" Count="1" Chance="1.25" />
		<Item ItemId="40087" Count="1" Chance="1.49" />
		<Item ItemId="40441" Count="1" Chance="3.56" />
		<Item ItemId="40458" Count="1" Chance="7.62" />
		<Item ItemId="40444" Count="1" Chance="2.90" />
		<Item ItemId="40508" Count="1" Chance="3.39" />
		<Item ItemId="40410" Count="1" Chance="27.63" /> <!-- 黑暗安特的樹皮 -->
		<!--<Item ItemId="40412" Count="1" Chance="5.38" />--> <!-- 黑暗安特的樹枝 -->
		<Item ItemId="40024" Count="1" Chance="17.72" /> <!-- 古代體力恢復劑 -->
		<Item ItemId="40023" Count="1" Chance="14.41" /> <!-- 古代強力體力恢復劑 -->
		<Item ItemId="40022" Count="1" Chance="13.42" /> <!-- 古代終極體力恢復劑 -->
		<Item ItemId="40304" Count="1" Chance="1.32" />
		<Item ItemId="40305" Count="1" Chance="1.74" />
		<Item ItemId="40306" Count="1" Chance="1.32" />
		<Item ItemId="40307" Count="1" Chance="1.57" />
	</TreasureBox>
	<!--報奨金(ダークエルフ ソルジャーバッジ)-->
	<TreasureBox Type="SPECIFIC" ItemId="41001">
		<Item ItemId="40308" Count="200"></Item>
	</TreasureBox>
	<!--報奨金(ダークエルフ ジェネラルーバッジ)-->
	<TreasureBox Type="SPECIFIC" ItemId="41405">
		<Item ItemId="40308" Count="1000"></Item>
	</TreasureBox>
	<!--鉱物の袋-->
	<TreasureBox Type="SPECIFIC" ItemId="41002">
		<Item ItemId="40444" Count="1"></Item>
	</TreasureBox>
	<!--オームの袋-->
	<TreasureBox Type="RANDOM" ItemId="40687">
		<Item ItemId="40691" Count="1" Chance="40" />
		<Item ItemId="40689" Count="1" Chance="30" />
		<Item ItemId="40690" Count="1" Chance="15" />
		<Item ItemId="40685" Count="1" Chance="7" />
		<Item ItemId="40688" Count="1" Chance="5" />
		<Item ItemId="40686" Count="1" Chance="3" />
	</TreasureBox>
	<!--レオナの報酬（オームが作っていた彫刻像）-->
	<TreasureBox Type="SPECIFIC" ItemId="40632">
		<Item ItemId="40308" Count="300"></Item>
	</TreasureBox>
	<!--レオナの報酬（オームのごつい彫刻像）-->
	<TreasureBox Type="SPECIFIC" ItemId="41406">
		<Item ItemId="40308" Count="500"></Item>
	</TreasureBox>
	<!--レオナの報酬（オームが手入れしていた彫刻像）-->
	<TreasureBox Type="SPECIFIC" ItemId="41407">
		<Item ItemId="40308" Count="1000"></Item>
	</TreasureBox>
	<!--レオナの報酬（オームの繊細な彫刻像）-->
	<TreasureBox Type="SPECIFIC" ItemId="41408">
		<Item ItemId="40308" Count="1700"></Item>
	</TreasureBox>
	<!--レオナの報酬（オームの色つきの彫刻像）-->
	<TreasureBox Type="SPECIFIC" ItemId="41409">
		<Item ItemId="40308" Count="2600"></Item>
	</TreasureBox>
	<!--レオナの報酬（オームの色つきの彫刻像）-->
	<TreasureBox Type="SPECIFIC" ItemId="41410">
		<Item ItemId="40308" Count="4000"></Item>
	</TreasureBox>
	<!--エンディアの鞄-->
	<TreasureBox Type="SPECIFIC" ItemId="40582">
		<Item ItemId="40583" Count="1"></Item>
	</TreasureBox>
	<!--暗殺リストの袋-->
	<TreasureBox Type="SPECIFIC" ItemId="40556">
		<Item ItemId="40557" Count="1" />
		<Item ItemId="40558" Count="1" />
		<Item ItemId="40559" Count="1" />
		<Item ItemId="40560" Count="1" />
		<Item ItemId="40561" Count="1" />
		<Item ItemId="40562" Count="1" />
		<Item ItemId="40563" Count="1" />
	</TreasureBox>
	<!--イリスのバック-->
	<TreasureBox Type="RANDOM" ItemId="41008">
		<Item ItemId="40308" Count="200" Chance="38" />
		<Item ItemId="40100" Count="1" Chance="20" />
		<Item ItemId="40044" Count="1" Chance="10" />
		<Item ItemId="40045" Count="1" Chance="10" />
		<Item ItemId="40046" Count="1" Chance="10" />
		<Item ItemId="40047" Count="1" Chance="10" />
		<Item ItemId="20421" Count="1" Chance="1" />
		<Item ItemId="20434" Count="1" Chance="1" />
	</TreasureBox>
	<!--航海士の袋-->
	<TreasureBox Type="RANDOM" ItemId="41059">
		<Item ItemId="114" Count="1" Chance="0.4" />
		<Item ItemId="204" Count="1" Chance="0.4" />
		<Item ItemId="207" Count="1" Chance="0.4" />
		<Item ItemId="40022" Count="10" Chance="14" />
		<Item ItemId="40023" Count="10" Chance="10" />
		<Item ItemId="40024" Count="10" Chance="2" />
		<Item ItemId="40053" Count="1" Chance="6" />
		<Item ItemId="40054" Count="1" Chance="6" />
		<Item ItemId="40055" Count="1" Chance="6" />
		<Item ItemId="40074" Count="1" Chance="3.6" />
		<Item ItemId="40087" Count="1" Chance="3.6" />
		<Item ItemId="40089" Count="1" Chance="7" />
		<Item ItemId="40100" Count="1" Chance="5" />
		<Item ItemId="40308" Count="10000" Chance="11" />
		<Item ItemId="40308" Count="20000" Chance="8" />
		<Item ItemId="40308" Count="30000" Chance="2" />
		<Item ItemId="40308" Count="100000" Chance="0.6" />
		<Item ItemId="40524" Count="3" Chance="3" />
		<Item ItemId="40524" Count="5" Chance="2" />
		<Item ItemId="40524" Count="10" Chance="1" />
		<Item ItemId="140088" Count="3" Chance="2" />
		<Item ItemId="140089" Count="3" Chance="6" />
	</TreasureBox>
	<!--ロイの袋-->
	<TreasureBox Type="RANDOM" ItemId="41003">
		<Item ItemId="40089" Count="1" Chance="20" />
		<Item ItemId="40015" Count="1" Chance="20" />
		<Item ItemId="40016" Count="1" Chance="20" />
		<Item ItemId="40088" Count="1" Chance="20" />
		<Item ItemId="40308" Count="10000" Chance="20" />
	</TreasureBox>
	<!--法令軍王印記盒-->
	<TreasureBox Type="RANDOM" ItemId="40636">
		<Item ItemId="40635" Count="3" Chance="80" />	<!--法令軍團印記-->
		<Item ItemId="40675" Count="1" Chance="9.6" />	<!--黑暗礦石-->
		<Item ItemId="40703" Count="1" Chance="2" />	<!--心靈支配石-->
		<Item ItemId="20030" Count="1" Chance="2" />	<!--神官頭飾-->
		<Item ItemId="20067" Count="1" Chance="2" />	<!--神官斗篷-->
		<Item ItemId="20176" Count="1" Chance="2" />	<!--神官手套-->
		<Item ItemId="20208" Count="1" Chance="2" />	<!--神官長靴-->
		<Item ItemId="20109" Count="1" Chance="0.2" />	<!--法令軍王長袍-->
		<Item ItemId="20253" Count="1" Chance="0.2" />	<!--法令軍王之鍊-->
	</TreasureBox>
	<!--魔獸軍王印記盒-->
	<TreasureBox Type="RANDOM" ItemId="40639">
		<Item ItemId="40638" Count="1" Chance="80" />	<!--魔獸軍團印記-->
		<Item ItemId="40675" Count="1" Chance="9.6" />	<!--黑暗礦石-->
		<Item ItemId="40703" Count="1" Chance="2" />	<!--心靈支配石-->
		<Item ItemId="20020" Count="1" Chance="2" />	<!--武官頭盔-->
		<Item ItemId="20058" Count="1" Chance="2" />	<!--武官斗篷-->
		<Item ItemId="20168" Count="1" Chance="2" />	<!--武官手套-->
		<Item ItemId="20201" Count="1" Chance="2" />	<!--武官長靴-->
		<Item ItemId="20200" Count="1" Chance="0.2" />	<!--魔獸軍王長靴-->
		<Item ItemId="155" Count="1" Chance="0.2" />	<!--魔獸軍王之爪-->
	</TreasureBox>
	<!--冥法軍王印記盒-->
	<TreasureBox Type="RANDOM" ItemId="40640">
		<Item ItemId="40642" Count="1" Chance="80" />	<!--冥法軍團印記-->
		<Item ItemId="40675" Count="1" Chance="9.6" />	<!--黑暗礦石-->
		<Item ItemId="40703" Count="1" Chance="2" />	<!--心靈支配石-->
		<Item ItemId="20030" Count="1" Chance="2" />	<!--神官頭飾-->
		<Item ItemId="20067" Count="1" Chance="2" />	<!--神官斗篷-->
		<Item ItemId="20176" Count="1" Chance="2" />	<!--神官手套-->
		<Item ItemId="20208" Count="1" Chance="2" />	<!--神官長靴-->
		<Item ItemId="20057" Count="1" Chance="0.2" />	<!--冥法軍王斗篷-->
		<Item ItemId="20255" Count="1" Chance="0.2" />	<!--冥法軍王之戒-->
	</TreasureBox>
	<!--暗殺軍王印記盒-->
	<TreasureBox Type="RANDOM" ItemId="40668">
		<Item ItemId="40667" Count="1" Chance="80" />	<!--暗殺軍團印記-->
		<Item ItemId="40675" Count="1" Chance="9.6" />	<!--黑暗礦石-->
		<Item ItemId="40703" Count="1" Chance="2" />	<!--心靈支配石-->
		<Item ItemId="20030" Count="1" Chance="2" />	<!--神官頭飾-->
		<Item ItemId="20067" Count="1" Chance="2" />	<!--神官斗篷-->
		<Item ItemId="20176" Count="1" Chance="2" />	<!--神官手套-->
		<Item ItemId="20208" Count="1" Chance="2" />	<!--神官長靴-->
		<Item ItemId="78" Count="1" Chance="0.2" />	<!--暗殺軍王之痕-->
		<Item ItemId="20178" Count="1" Chance="0.2" />	<!--暗殺軍王手套-->
	</TreasureBox>
	<!--エブロールの袋-->
	<TreasureBox Type="RANDOM" ItemId="41336">
		<Item ItemId="41337" Count="1" Chance="25" />
		<Item ItemId="41338" Count="1" Chance="25" />
		<Item ItemId="41337" Count="2" Chance="15" />
		<Item ItemId="41338" Count="2" Chance="15" />
		<Item ItemId="41337" Count="3" Chance="10" />
		<Item ItemId="41338" Count="3" Chance="10" />
	</TreasureBox>
	<!--開かれた下級オシリスの宝箱-->
	<TreasureBox Type="RANDOM" ItemId="49096">
		<Item ItemId="40044" Count="3" Chance="13" />
		<Item ItemId="40045" Count="3" Chance="13" />
		<Item ItemId="40046" Count="3" Chance="13" />
		<Item ItemId="40047" Count="3" Chance="13" />
		<Item ItemId="40048" Count="1" Chance=" 8" />
		<Item ItemId="40049" Count="1" Chance=" 8" />
		<Item ItemId="40050" Count="1" Chance=" 8" />
		<Item ItemId="40051" Count="1" Chance=" 8" />
		<Item ItemId="40074" Count="1" Chance=" 6" />
		<Item ItemId="40087" Count="1" Chance=" 6" />
		<Item ItemId="  265" Count="1" Chance=" 1" />
		<Item ItemId="  266" Count="1" Chance=" 1" />
		<Item ItemId="  267" Count="1" Chance=" 1" />
		<Item ItemId="  268" Count="1" Chance=" 1" />
	</TreasureBox>
	<!--開かれた上級オシリスの宝箱-->
	<TreasureBox Type="RANDOM" ItemId="49100">
		<Item ItemId=" 40044" Count="3" Chance=" 7" />
		<Item ItemId=" 40045" Count="3" Chance=" 7" />
		<Item ItemId=" 40046" Count="3" Chance=" 7" />
		<Item ItemId=" 40047" Count="3" Chance=" 7" />
		<Item ItemId=" 40048" Count="2" Chance=" 6" />
		<Item ItemId=" 40049" Count="2" Chance=" 6" />
		<Item ItemId=" 40050" Count="2" Chance=" 6" />
		<Item ItemId=" 40051" Count="2" Chance=" 6" />
		<Item ItemId=" 40052" Count="1" Chance=" 5" />
		<Item ItemId=" 40053" Count="1" Chance=" 5" />
		<Item ItemId=" 40054" Count="1" Chance=" 5" />
		<Item ItemId=" 40055" Count="1" Chance=" 5" />
		<Item ItemId=" 40074" Count="1" Chance=" 4" />
		<Item ItemId=" 40087" Count="1" Chance=" 4" />
		<Item ItemId="140074" Count="1" Chance=" 4" />
		<Item ItemId="140087" Count="1" Chance=" 4" />
		<Item ItemId="   265" Count="1" Chance=" 3" />
		<Item ItemId="   266" Count="1" Chance=" 3" />
		<Item ItemId="   267" Count="1" Chance=" 3" />
		<Item ItemId="   268" Count="1" Chance=" 3" />
	</TreasureBox>
	<!-- 遠征隊員の遺品 -->
	<TreasureBox Type="RANDOM" ItemId="40696">
		<Item ItemId="40679" Count="1" Chance="20" />
		<Item ItemId="40680" Count="1" Chance="16" />
		<Item ItemId="40681" Count="1" Chance="16" />
		<Item ItemId="40682" Count="1" Chance="16" />
		<Item ItemId="40683" Count="1" Chance="16" />
		<Item ItemId="40684" Count="1" Chance="16" />
	</TreasureBox>
	<!-- アイスデーモンの袋 -->
	<TreasureBox Type="RANDOM" ItemId="49032">
		<Item ItemId="49034" Count="1" Chance="1" />
		<Item ItemId="40308" Count="2000" Chance="15" />
		<Item ItemId="40308" Count="5000" Chance="15" />
		<Item ItemId="40308" Count="10000" Chance="15" />
		<Item ItemId="40308" Count="100000" Chance="5" />
		<Item ItemId="40015" Count="7" Chance="11" />
		<Item ItemId="40016" Count="7" Chance="11" />
		<Item ItemId="40018" Count="7" Chance="11" />
		<Item ItemId="40068" Count="3" Chance="5" />
		<Item ItemId="40088" Count="5" Chance="11" />
	</TreasureBox>
	<!-- アイスクイーンの袋 -->
	<TreasureBox Type="RANDOM" ItemId="49033">
		<Item ItemId="49034" Count="1" Chance="2" />
		<Item ItemId="40308" Count="2000" Chance="11" />
		<Item ItemId="40308" Count="5000" Chance="11" />
		<Item ItemId="40308" Count="10000" Chance="11" />
		<Item ItemId="40308" Count="100000" Chance="10" />
		<Item ItemId="40015" Count="7" Chance="11" />
		<Item ItemId="40016" Count="7" Chance="11" />
		<Item ItemId="40018" Count="7" Chance="11" />
		<Item ItemId="40068" Count="3" Chance="11" />
		<Item ItemId="40088" Count="5" Chance="11" />
	</TreasureBox>
	<!-- アイスクイーンの箱 -->
	<TreasureBox Type="RANDOM" ItemId="49034">
		<Item ItemId="40" Count="1" Chance="3.88" />
		<Item ItemId="55" Count="1" Chance="3.88" />
		<Item ItemId="57" Count="1" Chance="3.88" />
		<Item ItemId="81" Count="1" Chance="3.88" />
		<Item ItemId="130" Count="1" Chance="3.88" />
		<Item ItemId="162" Count="1" Chance="3.88" />
		<Item ItemId="177" Count="1" Chance="3.88" />
		<Item ItemId="189" Count="1" Chance="0.54" />
		<Item ItemId="20010" Count="1" Chance="0.94" />
		<Item ItemId="20042" Count="1" Chance="0.94" />
		<Item ItemId="20100" Count="1" Chance="0.94" />
		<Item ItemId="20151" Count="1" Chance="0.94" />
		<Item ItemId="20185" Count="1" Chance="0.94" />
		<Item ItemId="20166" Count="1" Chance="0.94" />
		<Item ItemId="20198" Count="1" Chance="0.94" />
		<Item ItemId="20215" Count="1" Chance="0.94" />
		<Item ItemId="20254" Count="1" Chance="3.88" />
		<Item ItemId="20256" Count="1" Chance="3.88" />
		<Item ItemId="20264" Count="1" Chance="3.88" />
		<Item ItemId="20266" Count="1" Chance="0.94" />
		<Item ItemId="20267" Count="1" Chance="4.88" />
		<Item ItemId="20268" Count="1" Chance="3.88" />
		<Item ItemId="20280" Count="1" Chance="0.94" />
		<Item ItemId="20281" Count="1" Chance="0.94" />
		<Item ItemId="20284" Count="1" Chance="3.88" />
		<Item ItemId="20285" Count="1" Chance="0.94" />
		<Item ItemId="20288" Count="1" Chance="0.54" />
		<Item ItemId="20302" Count="1" Chance="0.94" />
		<Item ItemId="20303" Count="1" Chance="3.88" />
		<Item ItemId="20309" Count="1" Chance="3.88" />
		<Item ItemId="20310" Count="1" Chance="3.88" />
		<Item ItemId="20311" Count="1" Chance="3.88" />
		<Item ItemId="40074" Count="1" Chance="5.45" />
		<Item ItemId="40087" Count="1" Chance="5.45" />
		<Item ItemId="40219" Count="1" Chance="0.54" />
		<Item ItemId="40223" Count="1" Chance="0.54" />
		<Item ItemId="140074" Count="1" Chance="3.88" />
		<Item ItemId="140087" Count="1" Chance="3.88" />
	</TreasureBox>
	<!-- 愛瑪伊的心A -->
	<TreasureBox Type="RANDOM" ItemId="49271">
		<Item ItemId="49268" Count="1" Chance="97.625" />
		<Item ItemId="41" Count="1" Chance="0.625" />
		<Item ItemId="20063" Count="1" Chance="0.625" />
		<Item ItemId="40087" Count="1" Chance="0.375" />
		<Item ItemId="40074" Count="1" Chance="0.375" />
		<Item ItemId="20281" Count="1" Chance="0.125" />
		<Item ItemId="20288" Count="1" Chance="0.125" />
		<Item ItemId="20284" Count="1" Chance="0.125" />
	</TreasureBox>
	<!-- 愛瑪伊的心B -->
	<TreasureBox Type="RANDOM" ItemId="49272">
		<Item ItemId="49268" Count="1" Chance="95.25" />
		<Item ItemId="41" Count="1" Chance="1.25" />
		<Item ItemId="20063" Count="1" Chance="1.25" />
		<Item ItemId="40087" Count="1" Chance="0.75" />
		<Item ItemId="40074" Count="1" Chance="0.75" />
		<Item ItemId="20281" Count="1" Chance="0.25" />
		<Item ItemId="20288" Count="1" Chance="0.25" />
		<Item ItemId="20284" Count="1" Chance="0.25" />
	</TreasureBox>
	<!-- 愛瑪伊的心C -->
	<TreasureBox Type="RANDOM" ItemId="49273">
		<Item ItemId="49268" Count="1" Chance="90.5" />
		<Item ItemId="41" Count="1" Chance="2.5" />
		<Item ItemId="20063" Count="1" Chance="2.5" />
		<Item ItemId="40087" Count="1" Chance="1.5" />
		<Item ItemId="40074" Count="1" Chance="1.5" />
		<Item ItemId="20281" Count="1" Chance="0.5" />
		<Item ItemId="20288" Count="1" Chance="0.5" />
		<Item ItemId="20284" Count="1" Chance="0.5" />
	</TreasureBox>
	<!-- 愛瑪伊的心  -->
	<TreasureBox Type="RANDOM" ItemId="41097">
		<Item ItemId="49268" Count="1" Chance="81" />
		<Item ItemId="41" Count="1" Chance="5" />
		<Item ItemId="20063" Count="1" Chance="5" />
		<Item ItemId="40087" Count="1" Chance="3" />
		<Item ItemId="40074" Count="1" Chance="3" />
		<Item ItemId="20281" Count="1" Chance="1" />
		<Item ItemId="20288" Count="1" Chance="1" />
		<Item ItemId="20284" Count="1" Chance="1" />
	</TreasureBox>
	<!-- 伊森之心 A -->
	<TreasureBox Type="RANDOM" ItemId="49274">
		<Item ItemId="49269" Count="1" Chance="97.625" />
		<Item ItemId="41" Count="1" Chance="0.625" />
		<Item ItemId="20063" Count="1" Chance="0.625" />
		<Item ItemId="40087" Count="1" Chance="0.375" />
		<Item ItemId="40074" Count="1" Chance="0.375" />
		<Item ItemId="20281" Count="1" Chance="0.125" />
		<Item ItemId="20288" Count="1" Chance="0.125" />
		<Item ItemId="20284" Count="1" Chance="0.125" />
	</TreasureBox>
	<!-- 伊森之心B -->
	<TreasureBox Type="RANDOM" ItemId="49275">
		<Item ItemId="49269" Count="1" Chance="95.25" />
		<Item ItemId="41" Count="1" Chance="1.25" />
		<Item ItemId="20063" Count="1" Chance="1.25" />
		<Item ItemId="40087" Count="1" Chance="0.75" />
		<Item ItemId="40074" Count="1" Chance="0.75" />
		<Item ItemId="20281" Count="1" Chance="0.25" />
		<Item ItemId="20288" Count="1" Chance="0.25" />
		<Item ItemId="20284" Count="1" Chance="0.25" />
	</TreasureBox>
	<!-- 伊森之心 C -->
	<TreasureBox Type="RANDOM" ItemId="49276">
		<Item ItemId="49269" Count="1" Chance="90.5" />
		<Item ItemId="41" Count="1" Chance="2.5" />
		<Item ItemId="20063" Count="1" Chance="2.5" />
		<Item ItemId="40087" Count="1" Chance="1.5" />
		<Item ItemId="40074" Count="1" Chance="1.5" />
		<Item ItemId="20281" Count="1" Chance="0.5" />
		<Item ItemId="20288" Count="1" Chance="0.5" />
		<Item ItemId="20284" Count="1" Chance="0.5" />
	</TreasureBox>
	<!-- 伊森之心 -->
	<TreasureBox Type="RANDOM" ItemId="41102">
		<Item ItemId="49269" Count="1" Chance="81" />
		<Item ItemId="41" Count="1" Chance="5" />
		<Item ItemId="20063" Count="1" Chance="5" />
		<Item ItemId="40087" Count="1" Chance="3" />
		<Item ItemId="40074" Count="1" Chance="3" />
		<Item ItemId="20281" Count="1" Chance="1" />
		<Item ItemId="20288" Count="1" Chance="1" />
		<Item ItemId="20284" Count="1" Chance="1" />
	</TreasureBox>
	<!--勇者のパンプキン袋(金)-->
	<TreasureBox Type="RANDOM" ItemId="49278">
		<Item ItemId="40010" Count="45" Chance="10" />	<!--RP-->
		<Item ItemId="40011" Count="25" Chance="11" />	<!--OP-->
		<Item ItemId="40012" Count="12" Chance="5" />	<!--CP-->
		<Item ItemId="40013" Count="15" Chance="15" />	<!--GP-->
		<Item ItemId="40018" Count="8" Chance="5" />	<!--GGP-->
		<Item ItemId="40074" Count="1" Chance="7" />	<!--ZEL-->
		<Item ItemId="40087" Count="1" Chance="4" />	<!--DAI-->
		<Item ItemId="40088" Count="8" Chance="5" />	<!--SOSC-->
		<Item ItemId="40318" Count="15" Chance="10" />	<!--魔石-->
		<Item ItemId="40319" Count="30" Chance="12" />	<!--精霊玉-->
		<Item ItemId="49143" Count="1" Chance="4" />	<!--結晶1-->
		<Item ItemId="49143" Count="2" Chance="5" />	<!--結晶2-->
		<Item ItemId="49143" Count="3" Chance="6" />	<!--結晶3-->
		<Item ItemId="41251" Count="1" Chance="1" />	<!--聖杯-->
	</TreasureBox>
	<!--勇者のパンプキン袋(銀)-->
	<TreasureBox Type="RANDOM" ItemId="49279">
		<Item ItemId="40010" Count="30" Chance="12.5" />	<!--RP-->
		<Item ItemId="40011" Count="15" Chance="15" />	<!--OP-->
		<Item ItemId="40012" Count="8" Chance="5.4" />	<!--CP-->
		<Item ItemId="40013" Count="10" Chance="15" />	<!--GP-->
		<Item ItemId="40018" Count="4" Chance="5" />	<!--GGP-->
		<Item ItemId="40074" Count="1" Chance="5" />	<!--ZEL-->
		<Item ItemId="40087" Count="1" Chance="2.5" />	<!--DAI-->
		<Item ItemId="40088" Count="4" Chance="5" />	<!--SOSC-->
		<Item ItemId="40318" Count="10" Chance="10" />	<!--魔石-->
		<Item ItemId="40319" Count="20" Chance="15" />	<!--精霊玉-->
		<Item ItemId="49143" Count="1" Chance="4" />	<!--結晶1-->
		<Item ItemId="49143" Count="2" Chance="5" />	<!--結晶2-->
		<Item ItemId="41251" Count="1" Chance="0.6" />	<!--聖杯-->
	</TreasureBox>
	<!--勇者的南瓜袋子-->
	<TreasureBox Type="RANDOM" ItemId="49280">
		<Item ItemId="40010" Count="5" Chance="80" />	<!--治癒藥水-->
		<Item ItemId="40011" Count="4" Chance="4" />		<!--強力治癒藥水-->
		<Item ItemId="40012" Count="3" Chance="4" />		<!--終極治癒藥水-->
		<Item ItemId="40013" Count="2" Chance="4" />		<!--自我加速藥水-->
		<Item ItemId="40018" Count="2" Chance="1" />		<!--強化 綠色藥水-->
		<Item ItemId="40074" Count="1" Chance="1" />		<!--對盔甲施法的卷軸-->
		<Item ItemId="40088" Count="1" Chance="1" />		<!--變形卷軸-->
		<Item ItemId="40318" Count="2" Chance="1" />		<!--魔法寶石-->
		<Item ItemId="40319" Count="2" Chance="1" />	<!--精霊玉-->
		<Item ItemId="49143" Count="1" Chance="1.5" />		<!--勇氣結晶-->
		<Item ItemId="41251" Count="1" Chance="1.5" />		<!--骷髏聖盃-->
	</TreasureBox>
	<!--びっくり箱-->
	<TreasureBox Type="RANDOM" ItemId="41311">
		<Item ItemId="40014" Count="10" Chance="7" />	<!--BP-->
		<Item ItemId="40031" Count="10" Chance="7" />	<!--イビル ブラッド-->
		<Item ItemId="40068" Count="10" Chance="7" />	<!--エルヴン ワッフル-->
		<Item ItemId="40861" Count="10" Chance="7" />	<!--スペル スクロール(シールド)-->
		<Item ItemId="40867" Count="10" Chance="7" />	<!--スペル スクロール (キュア ポイズン)-->
		<Item ItemId="40872" Count="10" Chance="7" />	<!--スペル スクロール (ディクリース ウェイト)-->
		<Item ItemId="40879" Count="10" Chance="7" />	<!--スペル スクロール (ブレスド アーマー)-->
		<Item ItemId="40884" Count="10" Chance="7" />	<!--スペル スクロール (フィジカルエンチャント：DEX)-->
		<Item ItemId="49281" Count="10" Chance="6" />	<!--スペル スクロール (フィジカル エンチャント：STR)-->
		<Item ItemId="49282" Count="10" Chance="6" />	<!--スペル スクロール (ブレス ウェポン)-->
		<Item ItemId="49283" Count="10" Chance="5" />	<!--スペル スクロール (ヒール オール)-->
		<Item ItemId="49284" Count="10" Chance="5" />	<!--スペル スクロール (ホーリー ウォーク)-->
		<Item ItemId="49285" Count="10" Chance="5" />	<!--スペル スクロール (グレーター ヘイスト)-->
		<Item ItemId="49286" Count="10" Chance="5" />	<!--スペル スクロール (フル ヒール)-->
		<Item ItemId="41251" Count="1" Chance="3" />	<!--聖杯-->
		<Item ItemId="41252" Count="1" Chance="3" />	<!--タートル-->
		<Item ItemId="41253" Count="1" Chance="3" />	<!--スパイス-->
		<Item ItemId="41254" Count="1" Chance="3" />	<!--印章-->
	</TreasureBox>
	
	 <!--遺物袋-->
  <TreasureBox Type="RANDOM" ItemId="41110">
    <Item ItemId="40058" Count="1" Chance="40" />  <!-- 煙燻的麵包屑 -->
    <Item ItemId="40071" Count="1" Chance="37.1" />  <!-- 烤焦的麵包屑 -->
    <Item ItemId="40039" Count="1" Chance="10" />  <!-- 紅酒 -->
    <Item ItemId="40040" Count="1" Chance="10" />  <!-- 威士忌 -->
    <Item ItemId="41113" Count="1" Chance="2" />  <!-- 褪色戒指 -->
    <Item ItemId="41114" Count="1" Chance="0.5" />  <!-- 染血的手帕 -->
    <Item ItemId="41115" Count="1" Chance="0.3" />  <!-- 染血的文件 -->
    <Item ItemId="41116" Count="1" Chance="0.1" />  <!-- 褪色項練 -->
  </TreasureBox>

  <!--破舊的遺物袋-->
  <TreasureBox Type="RANDOM" ItemId="41111">
    <Item ItemId="40058" Count="1" Chance="38.9" />  <!-- 煙燻的麵包屑 -->
    <Item ItemId="40071" Count="1" Chance="38" />  <!-- 烤焦的麵包屑 -->
    <Item ItemId="40039" Count="1" Chance="10" />  <!-- 紅酒 -->
    <Item ItemId="40040" Count="1" Chance="10" />  <!-- 威士忌 -->
    <Item ItemId="41113" Count="1" Chance="2" />  <!-- 褪色戒指 -->
    <Item ItemId="41114" Count="1" Chance="0.5" />  <!-- 染血的手帕 -->
    <Item ItemId="41115" Count="1" Chance="0.3" />  <!-- 染血的文件 -->
    <Item ItemId="41116" Count="1" Chance="0.1" />  <!-- 褪色項練 -->
    <Item ItemId="41117" Count="1" Chance="0.1" />  <!-- 破舊的錢包 -->
    <Item ItemId="41118" Count="1" Chance="0.1" />  <!-- 染血的匕首 -->
  </TreasureBox>

  <!--舊遺物袋-->
  <TreasureBox Type="RANDOM" ItemId="41112">
    <Item ItemId="40058" Count="1" Chance="38.7" />  <!-- 煙燻的麵包屑 -->
    <Item ItemId="40071" Count="1" Chance="38" />  <!-- 烤焦的麵包屑 -->
    <Item ItemId="40039" Count="1" Chance="10" />  <!-- 紅酒 -->
    <Item ItemId="40040" Count="1" Chance="10" />  <!-- 威士忌 -->
    <Item ItemId="41113" Count="1" Chance="2" />  <!-- 褪色戒指 -->
    <Item ItemId="41114" Count="1" Chance="0.5" />  <!-- 染血的手帕 -->
    <Item ItemId="41115" Count="1" Chance="0.3" />  <!-- 染血的文件 -->
    <Item ItemId="41116" Count="1" Chance="0.1" />  <!-- 褪色項練 -->
    <Item ItemId="41117" Count="1" Chance="0.1" />  <!-- 破舊的錢包 -->
    <Item ItemId="41118" Count="1" Chance="0.1" />  <!-- 染血的匕首 -->
    <Item ItemId="41119" Count="1" Chance="0.1" />  <!-- 遺失的鑰匙 -->
    <Item ItemId="41120" Count="1" Chance="0.1" />  <!-- 瑪雅的魔杖 -->
  </TreasureBox>
  
    <!--50級試煉武器箱-->
  <TreasureBox Type="RANDOM" ItemId="300101">
    <Item ItemId="51" Count="1" Chance="20" />  <!-- 黃金權杖 -->
	<Item ItemId="56" Count="1" Chance="16" />  <!-- 黑燄之劍 -->
	<Item ItemId="184" Count="1" Chance="16" />  <!-- 赤焰之弓 -->
	<Item ItemId="50" Count="1" Chance="16" />  <!-- 赤焰之劍 -->
	<Item ItemId="20225" Count="1" Chance="16" />  <!-- 瑪那水晶球 -->
	<Item ItemId="13" Count="1" Chance="16" />  <!-- 死亡之指 -->
  </TreasureBox>
  
  <!--綁鑽禮盒-->
    <TreasureBox Type="RANDOM" ItemId="300172">
    <Item ItemId="40308" Count="100" Chance="5" />  <!-- 金幣100 -->
	<Item ItemId="40308" Count="1000" Chance="0.5" />  <!-- 金幣1000 -->
	<Item ItemId="40308" Count="10000" Chance="0.1" />  <!-- 金幣10000 -->
	<Item ItemId="300210" Count="5" Chance="22.2" />  <!-- 治癒藥水(可存倉) -->
	<Item ItemId="300211" Count="3" Chance="5" />  <!-- 強力治癒藥水(可存倉) -->
	<Item ItemId="300212" Count="2" Chance="5" />  <!-- 終極治癒藥水(可存倉) -->
	<Item ItemId="300213" Count="5" Chance="20" />  <!-- 濃縮體力恢復劑(可存倉) -->
	<Item ItemId="300214" Count="3" Chance="5" />  <!-- 濃縮強力體力恢復劑(可存倉) -->
	<Item ItemId="300215" Count="2" Chance="5" />  <!-- 濃縮終極體力恢復劑(可存倉) -->
	<Item ItemId="300216" Count="5" Chance="20" />  <!-- 古代體力恢復劑(可存倉) -->
	<Item ItemId="300217" Count="3" Chance="5" />  <!-- 古代強力體力恢復劑(可存倉) -->
	<Item ItemId="300218" Count="2" Chance="5" />  <!-- 古代終極體力恢復劑(可存倉) -->
	<Item ItemId="300219" Count="1" Chance="1" />  <!-- 對盔甲施法的卷軸(可存倉) -->
	<Item ItemId="300220" Count="1" Chance="1" />  <!-- 對武器施法的卷軸(可存倉) -->
	<Item ItemId="300221" Count="1" Chance="0.1" />  <!-- 受祝福的 對盔甲施法的卷軸(可存倉) -->
	<Item ItemId="300222" Count="1" Chance="0.1" />  <!-- 受祝福的 對武器施法的卷軸(可存倉) -->
  </TreasureBox>
  
  	<!-- 預約登錄禮 -->
	<TreasureBox Type="SPECIFIC" ItemId="300225">
		<Item ItemId="300254" Count="1" />	<!-- 預約禮-紅水(5D) -->
		<Item ItemId="300026" Count="15" />	<!-- Lv52死騎變身卷(綁定) -->
		<Item ItemId="300027" Count="15" />	<!-- Lv52黑妖變身卷(綁定) -->
	</TreasureBox>

  	<!-- FB分享禮 -->
	<TreasureBox Type="SPECIFIC" ItemId="300226">
		<Item ItemId="400002" Count="1" /> <!-- FB勳章 -->
		<Item ItemId="300254" Count="1" />	<!-- 分享禮紅水(5D) -->
		<Item ItemId="300115" Count="10" />	<!-- Lv75死亡騎士變卷(可存倉) -->
		<Item ItemId="300116" Count="10" />	<!-- Lv75黑暗妖精變卷(可存倉) -->
	</TreasureBox>
	
	  	<!-- 變身卷軸袋子 -->
	<TreasureBox Type="RANDOM" ItemId="300252">
		<Item ItemId="300052" Count="1" Chance="7.695" /> <!-- Lv75賽尼斯變卷 -->
		<Item ItemId="300053" Count="1" Chance="8.015" /> <!-- Lv75反王肯恩變卷 -->
		<Item ItemId="300054" Count="1" Chance="8.015" /> <!-- Lv75真冥皇丹特斯變卷 -->
		<Item ItemId="300055" Count="1" Chance="8.015" /> <!-- Lv75冥法軍王海露拜變卷 -->
		<Item ItemId="300056" Count="1" Chance="8.015" /> <!-- Lv75死亡騎士變卷 -->
		<Item ItemId="300057" Count="1" Chance="8.015" /> <!-- Lv75黑暗妖精變卷 -->
		
		<Item ItemId="300058" Count="1" Chance="6.005" /> <!-- Lv80甘特變卷 -->
		<Item ItemId="300059" Count="1" Chance="6.005" /> <!-- Lv80絲莉安變卷 -->
		<Item ItemId="300060" Count="1" Chance="6.005" /> <!-- Lv80布魯迪卡變卷 -->
		<Item ItemId="300061" Count="1" Chance="6.005" /> <!-- Lv80宙斯變卷 -->
		<Item ItemId="300062" Count="1" Chance="6" /> <!-- Lv80真死亡騎士變卷 -->
		<Item ItemId="300063" Count="1" Chance="6" /> <!-- Lv80真黑暗妖精變卷 -->
		
		<Item ItemId="300064" Count="1" Chance="4" /> <!-- Lv82紅色死亡騎士變卷 -->
		<Item ItemId="300065" Count="1" Chance="4" /> <!-- Lv82紫色歐瑞變卷 -->
		<Item ItemId="300066" Count="1" Chance="4" /> <!-- Lv85藍色死亡騎士變卷 -->
		<Item ItemId="300067" Count="1" Chance="4" /> <!-- Lv85綠色歐瑞變卷 -->
		
		<Item ItemId="400054" Count="1" Chance="0.035" /> <!-- 賽尼斯變身卡 -->
		<Item ItemId="400055" Count="1" Chance="0.035" /> <!-- 反王肯恩變身卡 -->
		<Item ItemId="400056" Count="1" Chance="0.035" /> <!-- 真冥皇丹特斯變身卡 -->
		<Item ItemId="400057" Count="1" Chance="0.035" /> <!-- 冥法軍王海露拜變身卡 -->
		<Item ItemId="400058" Count="1" Chance="0.035" /> <!-- 死亡騎士變身卡 -->
		<Item ItemId="400059" Count="1" Chance="0.035" /> <!-- 黑暗妖精變身卡 -->
		
		<!-- <Item ItemId="400060" Count="1" Chance="0.015" /> --> <!-- 甘特變身卡 -->
		<!-- <Item ItemId="400061" Count="1" Chance="0.015" /> --> <!-- 絲莉安變身卡 -->
		<!-- <Item ItemId="400062" Count="1" Chance="0.015" /> --> <!-- 布魯迪卡變身卡 -->
		<!-- <Item ItemId="400063" Count="1" Chance="0.015" /> --> <!-- 宙斯變身卡 -->
		<!-- <Item ItemId="400064" Count="1" Chance="0.015" /> --> <!-- 真死亡騎士變身卡 -->
		<!-- <Item ItemId="400065" Count="1" Chance="0.015" /> --> <!-- 真黑暗妖精變身卡 -->
		
		<!-- <Item ItemId="400066" Count="1" Chance="0.005" /> --> <!-- 紅色死亡騎士變身卡 -->
		<!-- <Item ItemId="400067" Count="1" Chance="0.005" /> --> <!-- 紫色歐瑞變身卡 -->
		<!-- <Item ItemId="400068" Count="1" Chance="0.005" /> --> <!-- 藍色死亡騎士變身卡 -->
		<!-- <Item ItemId="400069" Count="1" Chance="0.005" /> --> <!-- 綠色歐瑞變身卡 -->
										
	</TreasureBox>

	  	<!-- Lv80變身卡袋子 -->
	<TreasureBox Type="RANDOM" ItemId="300260">
		<Item ItemId="400060" Count="1" Chance="16.6" /> <!-- 甘特變身卡 -->
		<Item ItemId="400061" Count="1" Chance="16.6" /> <!-- 絲莉安變身卡 -->
		<Item ItemId="400062" Count="1" Chance="17" /> <!-- 布魯迪卡變身卡 -->
		<Item ItemId="400063" Count="1" Chance="16.6" /> <!-- 宙斯變身卡 -->
		<Item ItemId="400064" Count="1" Chance="16.6" /> <!-- 真死亡騎士變身卡 -->
		<Item ItemId="400065" Count="1" Chance="16.6" /> <!-- 真黑暗妖精變身卡 -->				
	</TreasureBox>


		  	<!-- 屬性靴子寶箱 -->
	<TreasureBox Type="RANDOM" ItemId="300257">
		<Item ItemId="400076" Count="1" Chance="10.34" /> <!-- 智力長靴(風) -->
		<Item ItemId="400077" Count="1" Chance="9" />    <!-- 智力長靴(水) -->
		<Item ItemId="400078" Count="1" Chance="3" />     <!-- 智力長靴(火) -->
		<Item ItemId="400079" Count="1" Chance="9" />    <!-- 智力長靴(地) -->
		
		<Item ItemId="400080" Count="1" Chance="10.5" /> <!-- 敏捷長靴(風) -->
		<Item ItemId="400081" Count="1" Chance="9" /> <!-- 敏捷長靴(水) -->
		<Item ItemId="400082" Count="1" Chance="3" /> <!-- 敏捷長靴(火) -->
		<Item ItemId="400083" Count="1" Chance="9" /> <!-- 敏捷長靴(地) -->
		
		<Item ItemId="400084" Count="1" Chance="10.5" /> <!-- 力量長靴(風) -->
		<Item ItemId="400085" Count="1" Chance="9" /> <!-- 力量長靴(水) -->
		<Item ItemId="400086" Count="1" Chance="3" /> <!-- 力量長靴(火) -->
		<Item ItemId="400087" Count="1" Chance="9" /> <!-- 力量長靴(地) -->
		
		<Item ItemId="400088" Count="1" Chance="1.4" /> <!-- 魅力長靴(風) -->
		<Item ItemId="400089" Count="1" Chance="1.4" /> <!-- 魅力長靴(水) -->
		<Item ItemId="400090" Count="1" Chance="1.4" /> <!-- 魅力長靴(火) -->
		<Item ItemId="400091" Count="1" Chance="1.4" /> <!-- 魅力長靴(地) -->
										
		<Item ItemId="40196" Count="1" Chance="0.015" /> <!-- 魔法書(召喚術) -->
		<Item ItemId="40238" Count="1" Chance="0.015" /> <!-- 精靈水晶(魂體轉換) -->
		<Item ItemId="40275" Count="1" Chance="0.015" /> <!-- 黑暗精靈水晶(雙重破壞) -->
		<Item ItemId="40165" Count="1" Chance="0.015" /> <!-- 技術書(增幅防禦) -->																
	</TreasureBox>

	<!-- 金南瓜 -->
	<TreasureBox Type="RANDOM" ItemId="300270">
		<Item ItemId="500005" Count="1" Chance="14.8" /> <!-- 萬聖節南瓜長劍 -->
		<Item ItemId="500006" Count="1" Chance="14.2" /> <!-- 萬聖節南瓜雙手劍 -->			
		<Item ItemId="500007" Count="1" Chance="14.2" /> <!-- 萬聖節南瓜長弓 -->		
		<Item ItemId="500008" Count="1" Chance="14.2" /> <!-- 萬聖節南瓜魔杖 -->		
		<Item ItemId="500009" Count="1" Chance="14.2" /> <!-- 萬聖節南瓜雙刀 -->		
		<Item ItemId="400094" Count="1" Chance="14.2" /> <!-- 萬聖節南瓜盔甲 -->		
		<Item ItemId="400095" Count="1" Chance="14.2" /> <!-- 萬聖節南瓜手套 -->				
	</TreasureBox>
	
	<!-- 銀南瓜 -->
	<TreasureBox Type="RANDOM" ItemId="300271">
		<Item ItemId="40308" Count="1000" Chance="5" /> <!-- 金幣 -->
		<Item ItemId="40308" Count="3000" Chance="5" /> <!-- 金幣 -->
		<Item ItemId="40308" Count="6000" Chance="10.1" /> <!-- 金幣 -->
		<Item ItemId="40308" Count="9000" Chance="15.4" /> <!-- 金幣 -->
		<Item ItemId="40308" Count="12000" Chance="15.4" /> <!-- 金幣 -->
		
		<Item ItemId="140074" Count="1" Chance="0.1" /> <!-- 受祝福對盔甲施法的卷軸 -->
		<Item ItemId="140087" Count="1" Chance="0.1" /> <!-- 受祝福對武器施法的卷軸 -->	
		<Item ItemId="20280" Count="1" Chance="0.1" /> <!-- 滅魔戒指 -->	
		<Item ItemId="20303" Count="1" Chance="2" /> <!-- 抗魔戒指 -->		
		
		<Item ItemId="40043" Count="1" Chance="0.4" /> <!-- 兔子的肝 -->
		<Item ItemId="40067" Count="1" Chance="0.4" /> <!-- 艾草年糕 -->
		
		<Item ItemId="300273" Count="1" Chance="5" /> <!-- 萬聖節牛奶糖果 -->
		<Item ItemId="300274" Count="1" Chance="5" /> <!-- 萬聖節香蕉糖果 -->			
		<Item ItemId="300275" Count="1" Chance="5" /> <!-- 萬聖節巧克力糖果 -->
		<Item ItemId="300276" Count="1" Chance="5" /> <!-- 萬聖節南瓜糖果 -->		
		
		<Item ItemId="40093" Count="1" Chance="4" /> <!-- 空的魔法卷軸(等級4) -->	
		<Item ItemId="40093" Count="2" Chance="3" /> <!-- 空的魔法卷軸(等級4) -->	
		<Item ItemId="40093" Count="3" Chance="2" /> <!-- 空的魔法卷軸(等級4) -->
						
		<Item ItemId="40094" Count="1" Chance="4" /> <!-- 空的魔法卷軸(等級5) -->
		<Item ItemId="40094" Count="2" Chance="3" /> <!-- 空的魔法卷軸(等級5) -->
		<Item ItemId="40094" Count="3" Chance="2" /> <!-- 空的魔法卷軸(等級5) -->			
		
		<Item ItemId="40074" Count="1" Chance="3" /> <!-- 對盔甲施法的卷軸 -->	
		<Item ItemId="40074" Count="2" Chance="1" /> <!-- 對盔甲施法的卷軸 -->
		
		<Item ItemId="40087" Count="1" Chance="3" /> <!-- 對武器施法的卷軸 -->
		<Item ItemId="40087" Count="2" Chance="1" /> <!-- 對武器施法的卷軸 -->
	</TreasureBox>

		<!-- 元寶福袋 -->
	<TreasureBox Type="RANDOM" ItemId="300277">
		<Item ItemId="300006" Count="1" Chance="90.5" /> <!-- 元寶 -->
		<Item ItemId="300006" Count="5" Chance="5" /> <!-- 元寶 -->
		<Item ItemId="300006" Count="10" Chance="4" /> <!-- 元寶 -->
		<Item ItemId="300006" Count="50" Chance="0.5" /> <!-- 元寶 -->
	</TreasureBox>
	
				<!-- 聖誕禮物盒 20181225 -->
	<TreasureBox Type="RANDOM" ItemId="300294">
		<Item ItemId="300288" Count="1" Chance="24.7" /> <!-- 聖誕起司蛋糕 -->
		<Item ItemId="300289" Count="1" Chance="24.7" /> <!-- 聖誕香蕉蛋糕 -->
		<Item ItemId="300290" Count="1" Chance="24.7" /> <!-- 聖誕櫻桃蛋糕 -->
		<Item ItemId="300291" Count="1" Chance="24.7" /> <!-- 聖誕草莓蛋糕 -->
		
		<Item ItemId="41429" Count="1" Chance="0.1" /> <!-- 風之武器強化卷軸 -->
		<Item ItemId="41430" Count="1" Chance="0.1" /> <!-- 地之武器強化卷軸 -->
		<Item ItemId="41431" Count="1" Chance="0.1" /> <!-- 水之武器強化卷軸 -->
		<Item ItemId="41432" Count="1" Chance="0.1" /> <!-- 火之武器強化卷軸 -->
		
		<Item ItemId="49148" Count="1" Chance="0.2" /> <!-- 飾品強化卷軸 -->
		<Item ItemId="140087" Count="1" Chance="0.3" /> <!-- 受祝福的對武器施法的卷軸 -->
		<Item ItemId="140074" Count="1" Chance="0.3" /> <!-- 受祝福的對盔甲施法的卷軸 -->

	</TreasureBox>
	
					<!-- 聖誕禮物盒 作弊用 -->
	<TreasureBox Type="RANDOM" ItemId="300295">
		<Item ItemId="40076" Count="1" Chance="100" /> <!-- 古代的卷軸 -->
	</TreasureBox>
	
			<!-- 屠龍者變身卡袋子(Lv1~Lv64) -->
	<TreasureBox Type="SPECIFIC" ItemId="300297">
		<Item ItemId="400155" Count="1" /> 		<!-- 屠龍者變身卡(30m) -->
	</TreasureBox>
	
	<!-- 屠龍者變身卡袋子(Lv65~Lv69) -->
	<TreasureBox Type="SPECIFIC" ItemId="300298">
		<Item ItemId="400155" Count="1" /> 		<!-- 屠龍者變身卡(30m) -->
	</TreasureBox>
	
	<!-- 屠龍者變身卡袋子(Lv70~Lv74) -->
	<TreasureBox Type="SPECIFIC" ItemId="300299">
		<Item ItemId="400155" Count="1" /> 		<!-- 屠龍者變身卡(30m) -->
	</TreasureBox>
	
	<!-- 屠龍者變身卡袋子(Lv75~Lv79) -->
	<TreasureBox Type="SPECIFIC" ItemId="300300">
		<Item ItemId="400155" Count="1" /> 		<!-- 屠龍者變身卡(30m) -->
	</TreasureBox>
	
	<!-- 屠龍者變身卡袋子(Lv80~Lv84) -->
	<TreasureBox Type="SPECIFIC" ItemId="300301">
		<Item ItemId="400155" Count="1" /> 		<!-- 屠龍者變身卡(30m) -->
	</TreasureBox>
	
			<!-- 過年紅包 Lv48 ~ Lv50 -->
	<TreasureBox Type="RANDOM" ItemId="300303">
		<Item ItemId="40308" Count="88888" Chance="86" /> <!-- 金幣 -->
		<Item ItemId="40308" Count="188888" Chance="2" /> <!-- 金幣 -->
		<Item ItemId="40308" Count="288888" Chance="2" /> <!-- 金幣 -->
		<Item ItemId="40308" Count="388888" Chance="2" /> <!-- 金幣 -->
		<Item ItemId="40308" Count="588888" Chance="2" /> <!-- 金幣 -->
		<Item ItemId="40308" Count="688888" Chance="2" /> <!-- 金幣 -->
		<Item ItemId="40308" Count="788888" Chance="2" /> <!-- 金幣 -->
		<Item ItemId="40308" Count="888888" Chance="2" /> <!-- 金幣 -->
	</TreasureBox>
	
		<!-- 過年紅包 Lv51 ~ Lv59 -->
	<TreasureBox Type="RANDOM" ItemId="300304">
		<Item ItemId="40308" Count="388888" Chance="79" /> <!-- 金幣 -->
		<Item ItemId="40308" Count="588888" Chance="3" /> <!-- 金幣 -->
		<Item ItemId="40308" Count="688888" Chance="3" /> <!-- 金幣 -->
		<Item ItemId="40308" Count="788888" Chance="3" /> <!-- 金幣 -->
		<Item ItemId="40308" Count="888888" Chance="3" /> <!-- 金幣 -->
		<Item ItemId="40308" Count="988888" Chance="3" /> <!-- 金幣 -->
		<Item ItemId="40308" Count="1888888" Chance="3" /> <!-- 金幣 -->
		<Item ItemId="40308" Count="2888888" Chance="3" /> <!-- 金幣 -->
	</TreasureBox>
	
	<!-- 過年紅包 Lv60 ~ Lv99 -->
	<TreasureBox Type="RANDOM" ItemId="300305">
		<Item ItemId="40308" Count="588888" Chance="72" /> <!-- 金幣 -->
		<Item ItemId="40308" Count="688888" Chance="4" /> <!-- 金幣 -->
		<Item ItemId="40308" Count="788888" Chance="4" /> <!-- 金幣 -->
		<Item ItemId="40308" Count="888888" Chance="4" /> <!-- 金幣 -->
		<Item ItemId="40308" Count="988888" Chance="4" /> <!-- 金幣 -->
		<Item ItemId="40308" Count="1888888" Chance="4" /> <!-- 金幣 -->
		<Item ItemId="40308" Count="2888888" Chance="4" /> <!-- 金幣 -->
		<Item ItemId="40308" Count="3888888" Chance="4" /> <!-- 金幣 -->
	</TreasureBox>
	
					<!-- 鼠年紅包袋 20200124 -->
	<TreasureBox Type="RANDOM" ItemId="300316">
		<Item ItemId="300006" Count="2" Chance="100" />
	</TreasureBox>
	
		<!-- 鼠年福袋 20200124 -->
	<TreasureBox Type="RANDOM" ItemId="300317">
	
		<Item ItemId="40033" Count="1" Chance="0.035" /> <!-- 萬能藥 (力量) -->
		<Item ItemId="40034" Count="1" Chance="0.035" /> <!-- 萬能藥 (體質) -->
		<Item ItemId="40035" Count="1" Chance="0.035" /> <!-- 萬能藥 (敏捷) -->
		<Item ItemId="40036" Count="1" Chance="0.035" /> <!-- 萬能藥 (智慧) -->
		<Item ItemId="40037" Count="1" Chance="0.035" /> <!-- 萬能藥 (精神) -->
		<Item ItemId="40038" Count="1" Chance="0.035" /> <!-- 萬能藥 (魅力) -->
		
		<Item ItemId="40466" Count="1" Chance="0.035" /> <!-- 龍之心 -->
		<Item ItemId="40076" Count="1" Chance="0.035" /> <!-- 古代的卷軸 -->
		<Item ItemId="20288" Count="1" Chance="0.035" /> <!-- 傳送控制戒指 -->
		
		<Item ItemId="40222" Count="1" Chance="0.035" /> <!-- 魔法書(究極光裂術) -->
		<Item ItemId="40219" Count="1" Chance="0.035" /> <!-- 魔法書(流星雨) -->
		<Item ItemId="40213" Count="1" Chance="0.035" /> <!-- 魔法書(聖結界) -->
		
		<Item ItemId="41148" Count="1" Chance="0.035" /> <!-- 技術書(反擊屏障) -->
		
		<Item ItemId="40240" Count="1" Chance="0.035" /> <!-- 精靈水晶(三重矢) -->
		<Item ItemId="41149" Count="1" Chance="0.035" /> <!-- 精靈水晶(烈焰之魂) -->
		<Item ItemId="41152" Count="1" Chance="0.035" /> <!-- 精靈水晶(污濁之水) -->
		<Item ItemId="41153" Count="1" Chance="0.035" /> <!-- 精靈水晶(精準射擊) -->
	
		<Item ItemId="49148" Count="1" Chance="0.5" /> <!-- 飾品強化卷軸 -->
		<Item ItemId="140087" Count="1" Chance="2" /> <!-- 受祝福的對武器施法的卷軸 -->
		<Item ItemId="140074" Count="1" Chance="2" /> <!-- 受祝福的對盔甲施法的卷軸 -->
		
		<Item ItemId="300006" Count="15" Chance="80.405" /> <!-- 元寶 -->
		<Item ItemId="300006" Count="30" Chance="1.5" />      <!-- 元寶 -->
		<Item ItemId="300006" Count="50" Chance="1" />    <!-- 元寶 -->
		<Item ItemId="41429" Count="1" Chance="3" /> <!-- 風之武器強化卷軸 -->
		<Item ItemId="41430" Count="1" Chance="3" /> <!-- 地之武器強化卷軸 -->
		<Item ItemId="41431" Count="1" Chance="3" /> <!-- 水之武器強化卷軸 -->
		<Item ItemId="41432" Count="1" Chance="3" /> <!-- 火之武器強化卷軸 -->
		
	</TreasureBox>

</TreasureBoxList>
